"Consolidated Transactions Report - Mar 12, 2025 - Mar 31, 2026"


Date,Institution,Account Name,Account Mask,Description,Amount,Currency,GL Account #,GL Account Name,Vendor Name,Customer Name,Classifications,GroupingID
2026-03-23,Capital One,Platinum,8133,ANTHROPIC,-21.69,USD,66200,Software - Operating Expense,Anthropic,,,
2026-03-23,Capital One,Platinum,8133,OWNERREZ,-54.00,USD,,No Category,Ownerrez,,,
2026-03-23,Bank of America,Business Adv Fundamentals,7020,Pirate Ship DES:payment ID:payment INDN:USA Gummies CO ID:XXXXX11058 WEB,-65.14,USD,68400,Shipping,Pirate Ship,,,
2026-03-23,Bank of America,Business Adv Fundamentals,7020,Zelle payment to Katie Mettler Conf# w1steeipv,-2000.00,USD,,No Category,,,,
2026-03-21,Capital One,Platinum,8133,ANTHROPIC,-21.70,USD,66200,Software - Operating Expense,Anthropic,,,
2026-03-21,Capital One,Platinum,8133,Amazon Payments,-134.70,USD,,No Category,Amazon,,,
2026-03-20,Bank of America,Business Adv Fundamentals,7020,INTUIT * DES:QBooks Onl ID:7029550 INDN:USA GUMMIES CO ID:XXXXX56346 CCD,-57.50,USD,66200,Software - Operating Expense,Intuit,,,
2026-03-20,Bank of America,Business Adv Fundamentals,7020,Pirate Ship DES:payment ID:payment INDN:USA Gummies CO ID:XXXXX11058 WEB,-449.67,USD,68400,Shipping,Pirate Ship,,,
2026-03-19,Bank of America,Business Adv Fundamentals,7020,SHOPIFY DES:SHOPIFY ID:ST-J2O9F2D7M5H3 INDN:USA GUMMIES LLC CO ID: XXXXX8598 CCD,24.02,USD,,No Category,,,,
2026-03-19,Capital One,Platinum,8133,Office Depot,-72.73,USD,68300,Supplies,Office Depot,,,
2026-03-19,Capital One,Platinum,8133,SHOPIFY*XXXXXXXXXX,-105.00,USD,51000,Hosting Fees,shopify,,,
2026-03-18,Capital One,Platinum,8133,ANTHROPIC,-27.00,USD,66200,Software - Operating Expense,Anthropic,,,
2026-03-18,Bank of America,Business Adv Fundamentals,7020,COMPANY SAGE DES:COMPANY SA ID:ST-Y6B7T8A1Y6D4 INDN:USA GUMMIES CO ID:XXXXX65600 WEB,-29.99,USD,,No Category,Company Sage,,,
2026-03-18,Bank of America,Business Adv Fundamentals,7020,Wire Transfer Fee,-30.00,USD,68600,Bank Fees,,,,
2026-03-18,Bank of America,Business Adv Fundamentals,7020,Pirate Ship DES:payment ID:payment INDN:USA Gummies CO ID:XXXXX11058 WEB,-60.75,USD,68400,Shipping,Pirate Ship,,,
2026-03-18,Bank of America,Business Adv Fundamentals,7020,Pirate Ship DES:payment ID:payment INDN:USA Gummies CO ID:XXXXX11058 WEB,-228.78,USD,68400,Shipping,Pirate Ship,,,
2026-03-18,Bank of America,Business Adv Fundamentals,7020,"WIRE TYPE:WIRE OUT DATE:260318 TIME:0508 ET TRN:XXXXXXXXXX557727 SERVICE REF:003531 BNF:BELMARK ID:19392580 BNF BK:ASSOCIATED BANK, N. A. ID:XXXXX0575 PMT DET:TTV9A8K3J /ACC/USA GUMMIES",-6989.66,USD,,No Category,,,,
2026-03-17,Bank of America,Business Adv Fundamentals,7020,Shopify DES:Shopify ID:ST-M8D0Y8J7E3A5 INDN:USA GUMMIES LLC CO ID:XXXXX48598 CCD,23.87,USD,,No Category,,,,
2026-03-17,Bank of America,Business Adv Fundamentals,7020,Pirate Ship DES:PSHIP CASH ID:01faa2e6314d INDN:USA Gummies CO ID:XXXXX11058 WEB,0.18,USD,68400,Shipping,,,,
2026-03-17,Bank of America,Business Adv Fundamentals,7020,Pirate Ship DES:payment ID:payment INDN:USA Gummies CO ID:XXXXX11058 WEB,-7.32,USD,68400,Shipping,Pirate Ship,,,
2026-03-17,Bank of America,Business Adv Fundamentals,7020,Wire Transfer Fee,-30.00,USD,68600,Bank Fees,,,,
2026-03-17,Capital One,Platinum,8133,"NOTION LABS, INC.",-51.84,USD,66200,Software - Operating Expense,Notion,,,
2026-03-17,Capital One,Platinum,8133,CLAUDE.AI SUBSCRIPTION,-100.00,USD,66200,Software - Operating Expense,Claude.ai,,,
2026-03-17,Capital One,Platinum,8133,CLAUDE.AI SUBSCRIPTION,-128.52,USD,66200,Software - Operating Expense,Claude.ai,,,
2026-03-17,Bank of America,Business Adv Fundamentals,7020,WIRE TYPE:WIRE OUT DATE:260317 TIME:1842 ET TRN:XXXXXXXXXX557423 SERVICE REF:016376 BNF:ALBANESE CONFECTIONERY GRO ID:1658640 BNF BK:B MO BANK N.A. ID:XXXXX0288 PMT DET:TEGCPT7YH /ACC/U SA GUMMIES,-55244.50,USD,,No Category,,,,
2026-03-16,Capital One,Platinum,8133,SVCSrainierlux,-25.94,USD,63400,Entertainment,Svcs Rainier Lux,,,
2026-03-16,Capital One,Platinum,8133,SLACK T08JY86Q4TA,-43.75,USD,66200,Software - Operating Expense,Slack,,,
2026-03-16,Capital One,Platinum,8133,OPENAI *CHATGPT SUBSCR,-60.00,USD,66200,Software - Operating Expense,OpenAI,,,
2026-03-16,Bank of America,Business Adv Fundamentals,7020,T-Mobile,-188.68,USD,67300,Utilities,T-Mobile,,,
2026-03-16,Capital One,Platinum,8133,GDP*Nerd Alley 3DPrint,-1083.70,USD,,No Category,Nerd Alley,,,
2026-03-16,Bank of America,Business Adv Fundamentals,7020,GEICO,-1546.52,USD,68100,Insurance,GEICO,,,
2026-03-13,Bank of America,Business Adv Fundamentals,7020,MyOCCU DES:ACCTVERIFY ID: INDN:Benjamin Stutman CO ID:XXXXX4461 WEB,0.51,USD,,No Category,,,,
2026-03-13,Bank of America,Business Adv Fundamentals,7020,MyOCCU DES:ACCTVERIFY ID: INDN:Benjamin Stutman CO ID:XXXXX4461 WEB,0.15,USD,,No Category,,,,
2026-03-13,Bank of America,Business Adv Fundamentals,7020,MyOCCU DES:ACCTVERIFY ID: INDN:Benjamin Stutman CO ID:XXXXX4461 WEB,-0.66,USD,,No Category,Myoccu,,,
2026-03-13,Bank of America,Business Adv Fundamentals,7020,Pirate Ship DES:payment ID:payment INDN:USA Gummies CO ID:XXXXX11058 WEB,-6.29,USD,68400,Shipping,Pirate Ship,,,
2026-03-13,Bank of America,Business Adv Fundamentals,7020,Wire Transfer Fee,-15.00,USD,68600,Bank Fees,,,,
2026-03-13,Bank of America,Business Adv Fundamentals,7020,CAPITAL ONE AUTO DES:CARPAY ID:CP0E3B97E41232B INDN:Benjamin Stutman CO ID:XXXXX19806 CCD,-3496.76,USD,,No Category,,,,
2026-03-12,Bank of America,Business Adv Fundamentals,7020,WIRE TYPE:BOOK IN DATE:260312 TIME:1337 ET TRN:XXXXXXXXXX454815 SNDR REF:XXXXX0296 ORIG:1/THE RENE G. GONZALEZ TR ID:XXXXX4747301 PMT DET:BALANCE LOAD $30 PREV SENT,99970.00,USD,,No Category,,,,
2026-03-12,Capital One,Platinum,8133,CAPITAL ONE MOBILE PYMT,3193.45,USD,21111,Credit Card Payments,,,,
2026-03-12,Bank of America,Business Adv Fundamentals,7020,Found DES:Transfer ID: INDN:Benjamin Stutman CO ID:XXXXX44643 PPD,60.48,USD,,No Category,,,,
2026-03-12,Bank of America,Business Adv Fundamentals,7020,"Online transfer from CHK 7301 Confirmation# p5vv8i64b; GONZALEZ, RENE",10.00,USD,,No Category,,,,
2026-03-12,Bank of America,Business Adv Fundamentals,7020,CAPITAL ONE DES:MOBILE PMT ID:CA04B997693DEE2 INDN:Benjamin Stutman CO ID:XXXXX44380 CCD,-1722.83,USD,,No Category,,,,
2026-03-12,Bank of America,Business Adv Fundamentals,7020,AMERICAN EXPRESS DES:ACH PMT ID:W2894 INDN:USA GUMMIES CO ID:XXXXX33497 WEB,-1937.61,USD,,No Category,,,,
2026-03-12,Bank of America,Business Adv Fundamentals,7020,CAPITAL ONE DES:MOBILE PMT ID:CA03CC110EF226B INDN:Benjamin Stutman CO ID:XXXXX44380 CCD,-3193.45,USD,21111,Credit Card Payments,,,,
2026-03-11,Bank of America,Business Adv Fundamentals,7020,Bank Account 7020,-60.48,USD,,No Category,,,,0ee4845d-dd8b-4a96-8730-cf049a72cff4
2026-03-10,Bank of America,Business Adv Fundamentals,7020,Found Plus,59.48,USD,,No Category,,,,4b7ed09e-7917-44aa-aa06-a87ab84a212d
2026-03-10,Bank of America,Business Adv Fundamentals,7020,THE RENE G. GONZALEZ TRUST RENE G GONZALEZ TRTEE U/A 03/05/2018,10.00,USD,,No Category,,,,55519cd3-ddd9-40d1-998e-bf6073bb6ff7
2026-03-10,Bank of America,Business Adv Fundamentals,7020,Anthropic,-5.00,USD,66200,Software - Operating Expense,,,,b0f3c581-4bdc-46bc-b6ff-97b4a955706c
2026-03-10,Bank of America,Business Adv Fundamentals,7020,PIRATE SHIP,-5.92,USD,68400,Shipping,Pirate Ship,,,ba24a215-788b-42c5-8e4b-10fecb95f98d
2026-03-10,Bank of America,Business Adv Fundamentals,7020,PIRATE SHIP,-7.18,USD,68400,Shipping,Pirate Ship,,,09fe5fca-f34b-4293-b20c-fc5861b822b6
2026-03-10,Bank of America,Business Adv Fundamentals,7020,Anthropic,-20.00,USD,66200,Software - Operating Expense,,,,f818a0d9-06b4-4614-812e-d0fc06c91416
2026-03-09,Bank of America,Business Adv Fundamentals,7020,Shopify,24.02,USD,,No Category,,,,8869ebb5-197b-4680-96ac-18f8a50def4d
2026-03-09,Bank of America,Business Adv Fundamentals,7020,Social media to Primary,7.52,USD,,No Category,,,,d1bf9ecb-db44-46de-881b-5bef5f3f6644
2026-03-09,Bank of America,Business Adv Fundamentals,7020,PIRATE SHIP,-10.92,USD,68400,Shipping,Pirate Ship,,,5caa0731-aab0-42ba-b147-8bae5a5569fb
2026-03-09,Bank of America,Business Adv Fundamentals,7020,PADDLE.NET* N8N CLOUD1,-24.00,USD,66200,Software - Operating Expense,,,,00d3601c-c708-4d68-8dbe-4a8b6715812d
2026-03-08,Bank of America,Business Adv Fundamentals,7020,AMAZON.CUZV6OZVX,35.81,USD,,No Category,Amazon,,,60a7ac1c-8450-4aef-8c2a-b4f556bbc691
2026-03-07,Bank of America,Business Adv Fundamentals,7020,ASHFORD VALLEY G,-25.00,USD,,No Category,,,,7c9743e6-5ee0-43b2-85a4-972050bd1436
2026-03-06,Bank of America,Business Adv Fundamentals,7020,Niki Lodato,36.00,USD,,No Category,,,,8632de72-7280-4bc1-a426-d38bb5104276
2026-03-06,Bank of America,Business Adv Fundamentals,7020,Social media to Primary,7.64,USD,,No Category,,,,4e9216f5-5b55-477d-b021-0e546d787216
2026-03-06,Bank of America,Business Adv Fundamentals,7020,GOOGLE *SVCSusagummies,-49.79,USD,,No Category,Google,,,7d68cef4-3066-408f-a91d-3bc0b8d0fb11
2026-03-05,Bank of America,Business Adv Fundamentals,7020,FAIRE WHOLESALE,39.41,USD,,No Category,,,,f0453dd3-24b3-42e0-8efd-9bec7f161ac6
2026-03-05,Bank of America,Business Adv Fundamentals,7020,Social media to Primary,9.00,USD,,No Category,,,,a236f013-588d-4d70-88ce-de8574a2d0ff
2026-03-04,Bank of America,Business Adv Fundamentals,7020,Social media to Primary,26.00,USD,,No Category,,,,d79d395e-bfe5-4694-844c-0ccd143b83bc
2026-03-04,Bank of America,Business Adv Fundamentals,7020,Google Workspace_raini,-1.19,USD,,No Category,Google,,,f3f52f1b-21ed-44a3-a4e9-8515ba0948a1
2026-03-04,Bank of America,Business Adv Fundamentals,7020,Anthropic,-5.00,USD,66200,Software - Operating Expense,,,,31b417c0-2378-4bf2-a0ae-31cba847029a
2026-03-04,Bank of America,Business Adv Fundamentals,7020,PIRATE SHIP,-6.30,USD,68400,Shipping,Pirate Ship,,,2703c926-4041-4535-833b-a4ada72f0a2a
2026-03-04,Bank of America,Business Adv Fundamentals,7020,PIRATE SHIP,-22.35,USD,68400,Shipping,Pirate Ship,,,00b7a4b4-983a-4ba5-9f4e-7324b5d119ed
2026-03-04,Bank of America,Business Adv Fundamentals,7020,Anthropic,-25.00,USD,66200,Software - Operating Expense,,,,30e63060-ac7b-44a4-977c-cd35e4e53681
2026-03-02,Bank of America,Business Adv Fundamentals,7020,SHOPIFY,49.31,USD,,No Category,,,,188359ff-ba3d-40d1-aab9-ad02b1a7e4e6
2026-03-02,Bank of America,Business Adv Fundamentals,7020,AMAZON.CGGC7330Q,37.49,USD,,No Category,Amazon,,,b12687ec-a794-4724-ae2b-7e54cd3534c2
2026-03-02,Capital One,Platinum,8133,INTEREST CHARGE:PURCHASES,-69.45,USD,87000,Interest Expense,,,,
2026-03-01,Bank of America,Business Adv Fundamentals,7020,Balance bonus,0.12,USD,,No Category,,,,b73dc002-b09b-4417-9c4e-3c0f81b7d037
2026-03-01,Bank of America,Business Adv Fundamentals,7020,WWW.BRAVE.COM,-2.27,USD,,No Category,,,,5b73e147-3c1b-402c-808b-bfe39f52c6fd
2026-03-01,Bank of America,Business Adv Fundamentals,7020,GOOGLE *Workspace_rain,-5.61,USD,,No Category,Google,,,cfa9b21b-c6fb-4e4b-891f-ca55dd79103f
2026-03-01,Bank of America,Business Adv Fundamentals,7020,GOOGLE *Workspace_redt,-9.58,USD,,No Category,Google,,,42222f75-341e-4ddc-837d-85390d54a0d2
2026-02-28,Capital One,Platinum,8133,PAST DUE FEE,-40.00,USD,68600,Bank Fees,,,,
2026-02-27,Bank of America,Business Adv Fundamentals,7020,FAIRE WHOLESALE,39.41,USD,,No Category,,,,905bdd74-f72a-4681-b623-525208666d76
2026-02-27,Bank of America,Business Adv Fundamentals,7020,Anthropic,-11.63,USD,66200,Software - Operating Expense,,,,9719cef6-868b-41bb-b0ed-0fe2d75160f1
2026-02-27,Bank of America,Business Adv Fundamentals,7020,Anthropic,-13.63,USD,66200,Software - Operating Expense,,,,bf3e54dd-8585-4b4b-aef0-5490fb2cca10
2026-02-27,Bank of America,Business Adv Fundamentals,7020,PIRATE SHIP,-19.50,USD,68400,Shipping,Pirate Ship,,,26f871c8-6d79-4a3b-8808-3d32d02d400d
2026-02-27,Bank of America,Business Adv Fundamentals,7020,WWW.CRATEJOY.COM,-29.00,USD,,No Category,,,,bb6ba296-9a73-4cf7-9b09-6bae4316fa67
2026-02-26,Bank of America,Business Adv Fundamentals,7020,Social media to Primary,105.00,USD,,No Category,,,,b594e11b-1faf-43bb-8f6a-f7b6771c3dd4
2026-02-26,Bank of America,Business Adv Fundamentals,7020,Anthropic,-10.28,USD,66200,Software - Operating Expense,,,,f2a97d46-9f8f-4fe5-8017-c286cad7a5ef
2026-02-26,Bank of America,Business Adv Fundamentals,7020,Anthropic,-10.29,USD,66200,Software - Operating Expense,,,,9feb6cb5-45a3-4101-928f-b3a4ea2f8808
2026-02-26,Bank of America,Business Adv Fundamentals,7020,Anthropic,-10.59,USD,66200,Software - Operating Expense,,,,04764509-bc54-4bb4-998f-ec9e8cd0d3c5
2026-02-26,Bank of America,Business Adv Fundamentals,7020,Anthropic,-10.69,USD,66200,Software - Operating Expense,,,,d10ba3bf-6ceb-4172-a3f5-d234cfb7c67a
2026-02-26,Bank of America,Business Adv Fundamentals,7020,Anthropic,-11.58,USD,66200,Software - Operating Expense,,,,c7608d59-0dd4-495b-8fc9-584ba94ae5bd
2026-02-26,Bank of America,Business Adv Fundamentals,7020,Anthropic,-11.66,USD,66200,Software - Operating Expense,,,,aa63ca95-fbeb-4bc9-8ccc-cd5e002f9c75
2026-02-26,Bank of America,Business Adv Fundamentals,7020,Anthropic,-11.96,USD,66200,Software - Operating Expense,,,,91cc7a72-f633-452e-a443-bf2f4002d05c
2026-02-26,Bank of America,Business Adv Fundamentals,7020,Anthropic,-12.26,USD,66200,Software - Operating Expense,,,,2cd6e427-1afc-4eb7-8732-e75e02d250eb
2026-02-26,Bank of America,Business Adv Fundamentals,7020,SHOPIFY* 489111022,-105.00,USD,51000,Hosting Fees,shopify,,,57af2408-b068-4f4d-94c0-15a65f92ef1f
2026-02-25,Bank of America,Business Adv Fundamentals,7020,PIRATE SHIP,-10.33,USD,68400,Shipping,Pirate Ship,,,121f89ad-f142-452f-8b27-b0a75af0988d
2026-02-25,Bank of America,Business Adv Fundamentals,7020,Anthropic,-10.89,USD,66200,Software - Operating Expense,,,,5cc32ebc-8297-4053-87d5-aba5e523d952
2026-02-25,Bank of America,Business Adv Fundamentals,7020,Anthropic,-11.09,USD,66200,Software - Operating Expense,,,,6edd8244-b1fe-4040-b601-7917ee3c5913
2026-02-25,Bank of America,Business Adv Fundamentals,7020,COMPANY SAGE,-92.24,USD,,No Category,,,,e859d165-91fc-4804-8004-ead52a1cc3c6
2026-02-25,Bank of America,Business Adv Fundamentals,7020,RUMBLE USA INC.,-100.00,USD,,No Category,,,,9d97269c-3ea3-468a-9fa1-b7a9d0ceec7d
2026-02-24,Bank of America,Business Adv Fundamentals,7020,Stripe,485.20,USD,10920,Transfers in Transit: Payment Processor,Stripe,,,e80b9bf7-2bed-49f5-a228-db21468e03cf
2026-02-24,Bank of America,Business Adv Fundamentals,7020,Social media to Primary,40.00,USD,,No Category,,,,255cfc35-d452-45d1-bcc6-2411a25e18a8
2026-02-24,Bank of America,Business Adv Fundamentals,7020,FAIRE WHOLESALE,34.21,USD,,No Category,,,,34d104cc-c1c9-4b4c-abe1-5761db093a59
2026-02-24,Bank of America,Business Adv Fundamentals,7020,Anthropic,-10.31,USD,66200,Software - Operating Expense,,,,fa3f08d3-bdec-4131-880b-0a3f5697df57
2026-02-24,Bank of America,Business Adv Fundamentals,7020,Anthropic,-10.55,USD,66200,Software - Operating Expense,,,,614cc2c6-2dd0-4649-8cf5-909be17b6e7a
2026-02-24,Bank of America,Business Adv Fundamentals,7020,Anthropic,-10.56,USD,66200,Software - Operating Expense,,,,5ab0289a-9335-4fa3-8ffa-f1c4a068f935
2026-02-24,Bank of America,Business Adv Fundamentals,7020,Anthropic,-10.62,USD,66200,Software - Operating Expense,,,,655eecd3-09d4-4034-877b-9187ec1ee914
2026-02-24,Bank of America,Business Adv Fundamentals,7020,Anthropic,-11.25,USD,66200,Software - Operating Expense,,,,ba59ef13-3955-4e81-a1d5-09875bab7c24
2026-02-24,Bank of America,Business Adv Fundamentals,7020,Anthropic,-11.64,USD,66200,Software - Operating Expense,,,,237fd2b1-a3da-4473-ac9f-d5de4b80dead
2026-02-24,Bank of America,Business Adv Fundamentals,7020,Anthropic,-15.00,USD,66200,Software - Operating Expense,,,,8c6b08b2-09de-48f7-a7b6-c2ccbdae0ba4
2026-02-24,Bank of America,Business Adv Fundamentals,7020,THE HIGHLANDER,-48.52,USD,,No Category,,,,6e80de3e-6acd-48b9-8f9a-00717d3d7b41
2026-02-23,Bank of America,Business Adv Fundamentals,7020,AMAZON.CQAWBDIIG,37.18,USD,,No Category,Amazon,,,78d7d7eb-0f08-4fe7-a000-22d18ff76375
2026-02-23,Bank of America,Business Adv Fundamentals,7020,SHOPIFY,24.02,USD,,No Category,,,,c07d8e45-ab20-44b2-a94b-6dc3fa02d957
2026-02-23,Bank of America,Business Adv Fundamentals,7020,Shell,-50.08,USD,62300,Ground Transportation,shell,,,1cc5868e-945f-4e50-9cf0-967e591e2c06
2026-02-22,Bank of America,Business Adv Fundamentals,7020,FAIRE WHOLESALE,57.97,USD,,No Category,,,,14c1cd41-2358-4678-8fe5-fb39378fe259
2026-02-20,Bank of America,Business Adv Fundamentals,7020,AMAZON.CZN4Q0FJP,14.30,USD,,No Category,Amazon,,,7e73fbb4-325a-443b-9402-e4088c0df78a
2026-02-20,Bank of America,Business Adv Fundamentals,7020,PIRATE SHIP,-6.68,USD,68400,Shipping,Pirate Ship,,,0a6f69a2-f55c-410b-89b1-771fcc3297d8
2026-02-20,Bank of America,Business Adv Fundamentals,7020,PIRATE SHIP,-7.52,USD,68400,Shipping,Pirate Ship,,,600813ca-5322-4db7-be72-e318c898a31b
2026-02-20,Bank of America,Business Adv Fundamentals,7020,OWNERREZ,-50.00,USD,,No Category,,,,86791464-0ce4-4263-b182-3f58bb2499f8
2026-02-19,Bank of America,Business Adv Fundamentals,7020,Apple,-20.21,USD,66100,Computers & Hardware,apple,,,897638e7-29cc-4515-a3e1-0b0a7063e13d
2026-02-18,Bank of America,Business Adv Fundamentals,7020,AMAZON.CGNARP8LG,25.62,USD,,No Category,Amazon,,,0692d431-7d09-41c9-8a00-7972f9f4e157
2026-02-14,Bank of America,Business Adv Fundamentals,7020,Check deposit,54.00,USD,41000,Services Revenue,,,,7a60389d-7226-4d98-9da4-f9a1494cbd8e
2026-02-13,Bank of America,Business Adv Fundamentals,7020,Apple,-12.99,USD,66100,Computers & Hardware,apple,,,18a583ae-d8e9-4ee2-8fd2-535125f0c6da
2026-02-13,Bank of America,Business Adv Fundamentals,7020,Apple,-21.80,USD,66100,Computers & Hardware,apple,,,64110cc2-2b1a-4ca0-ae43-e71b7c03de5c
2026-02-12,Bank of America,Business Adv Fundamentals,7020,Social media to Primary,60.00,USD,,No Category,,,,1f2a9baf-2b0d-4c14-bf92-41513f105598
2026-02-12,Bank of America,Business Adv Fundamentals,7020,Social media to Primary,55.00,USD,,No Category,,,,4b8d13d4-f987-44a4-b586-0e439e07f668
2026-02-12,Bank of America,Business Adv Fundamentals,7020,Shopify,20.94,USD,,No Category,,,,ebe692e4-d79d-47c3-8bbd-2eb507d4e76f
2026-02-12,Bank of America,Business Adv Fundamentals,7020,Anthropic,-10.64,USD,66200,Software - Operating Expense,,,,31286cc3-ec5d-477a-b2aa-aca5089a5927
2026-02-12,Bank of America,Business Adv Fundamentals,7020,Anthropic,-10.77,USD,66200,Software - Operating Expense,,,,ce25a497-a437-42f9-a797-914716f7e786
2026-02-12,Bank of America,Business Adv Fundamentals,7020,Anthropic,-10.84,USD,66200,Software - Operating Expense,,,,0d348e43-7ca8-4010-b4de-3f3524fea50b
2026-02-12,Bank of America,Business Adv Fundamentals,7020,Anthropic,-11.22,USD,66200,Software - Operating Expense,,,,5de19ead-8c14-4fa7-baea-996416c742ac
2026-02-12,Bank of America,Business Adv Fundamentals,7020,Anthropic,-11.63,USD,66200,Software - Operating Expense,,,,55a5ff77-6a20-4bcc-9280-ad63c6019ebe
2026-02-12,Bank of America,Business Adv Fundamentals,7020,Anthropic,-12.05,USD,66200,Software - Operating Expense,,,,b9b09fdb-e953-41b9-b707-cd18be8e3715
2026-02-12,Bank of America,Business Adv Fundamentals,7020,Anthropic,-12.43,USD,66200,Software - Operating Expense,,,,38053c7c-792e-4690-8981-fd5509647634
2026-02-11,Bank of America,Business Adv Fundamentals,7020,Stripe,485.20,USD,10920,Transfers in Transit: Payment Processor,Stripe,,,706c36f6-04bd-445c-bc8b-ed96ef1a1cd9
2026-02-11,Bank of America,Business Adv Fundamentals,7020,PIRATE SHIP,-8.68,USD,68400,Shipping,Pirate Ship,,,f380a567-0cbc-4ffa-be4f-77bfb0a0c881
2026-02-11,Bank of America,Business Adv Fundamentals,7020,Anthropic,-10.61,USD,66200,Software - Operating Expense,,,,c5cf3af1-1af7-42b4-af2c-0fc80c681624
2026-02-11,Bank of America,Business Adv Fundamentals,7020,Anthropic,-11.11,USD,66200,Software - Operating Expense,,,,8762f396-0dca-490e-bd16-754fd9a3fbcd
2026-02-11,Bank of America,Business Adv Fundamentals,7020,Anthropic,-11.78,USD,66200,Software - Operating Expense,,,,db2a38cb-7d7e-407a-8dbb-b9539801b327
2026-02-11,Bank of America,Business Adv Fundamentals,7020,Anthropic,-11.91,USD,66200,Software - Operating Expense,,,,d7b4c158-08b6-456c-965d-7e1813876507
2026-02-11,Bank of America,Business Adv Fundamentals,7020,Anthropic,-11.97,USD,66200,Software - Operating Expense,,,,a4ca4b80-f31d-402a-8872-56d01a54881a
2026-02-11,Bank of America,Business Adv Fundamentals,7020,Anthropic,-12.70,USD,66200,Software - Operating Expense,,,,6362054d-1f79-4511-864b-769b1088a716
2026-02-11,Bank of America,Business Adv Fundamentals,7020,Anthropic,-15.00,USD,66200,Software - Operating Expense,,,,f5adb7ff-d0e1-4aa6-98db-24de3b13413f
2026-02-11,Bank of America,Business Adv Fundamentals,7020,OPENAI,-20.00,USD,66200,Software - Operating Expense,OpenAI,,,a2a3769d-fd65-463c-94f1-75b473f107ac
2026-02-11,Bank of America,Business Adv Fundamentals,7020,Amazon,-22.68,USD,,No Category,Amazon,,,01c10ed5-81b9-45f1-80a7-4b8c6966b9f0
2026-02-11,Bank of America,Business Adv Fundamentals,7020,OPENAI *CHATGPT SUBSCR,-60.00,USD,66200,Software - Operating Expense,OpenAI,,,c07cfa55-364f-4ddf-9a98-a1c552bde875
2026-02-11,Bank of America,Business Adv Fundamentals,7020,RUMBLE USA INC.,-100.00,USD,,No Category,,,,b3554982-c74e-47bd-8e85-f001074918d4
2026-02-10,Bank of America,Business Adv Fundamentals,7020,Shopify,1.29,USD,,No Category,,,,4088764f-7cb2-4202-bf11-eae04168fa6e
2026-02-10,Bank of America,Business Adv Fundamentals,7020,OPENAI,-10.00,USD,66200,Software - Operating Expense,OpenAI,,,060d517f-36c0-42d8-a12a-66d3f91f6f77
2026-02-10,Bank of America,Business Adv Fundamentals,7020,OPENAI,-15.00,USD,66200,Software - Operating Expense,OpenAI,,,e1099b89-af7f-43a7-8cfa-3e94503a214b
2026-02-06,Bank of America,Business Adv Fundamentals,7020,Cash back,10.94,USD,,No Category,,,,7e0d5634-4440-4897-b06b-47d8dee8819a
2026-02-06,Bank of America,Business Adv Fundamentals,7020,OPENAI,-10.00,USD,66200,Software - Operating Expense,OpenAI,,,af637596-4761-4e36-ad56-b0a7604d4e7c
2026-02-06,Bank of America,Business Adv Fundamentals,7020,OPENAI,-10.02,USD,66200,Software - Operating Expense,OpenAI,,,87b8bc69-61ee-46c4-838f-14a152bb7ef6
2026-02-06,Bank of America,Business Adv Fundamentals,7020,OPENAI,-10.03,USD,66200,Software - Operating Expense,OpenAI,,,5af640a7-4779-4e8c-97b6-759143a455ca
2026-02-05,Bank of America,Business Adv Fundamentals,7020,USA GUMMIES,50.00,USD,,No Category,,,,1bd339eb-ed97-4ad2-9f63-ac340b9185d4
2026-02-05,Bank of America,Business Adv Fundamentals,7020,OPENAI,-10.00,USD,66200,Software - Operating Expense,OpenAI,,,878bcae9-553e-41cd-bc20-bcc3bf548bcd
2026-02-05,Bank of America,Business Adv Fundamentals,7020,OPENAI,-25.00,USD,66200,Software - Operating Expense,OpenAI,,,e679af98-5304-43c3-b69d-b6022f3440f3
2026-02-04,Bank of America,Business Adv Fundamentals,7020,USA GUMMIES,30.00,USD,,No Category,,,,6001ed59-3498-4a4d-abf6-30952e445931
2026-02-04,Bank of America,Business Adv Fundamentals,7020,Social media to Primary,9.00,USD,,No Category,,,,a686cfdb-fd8b-448d-ba25-47330d684f83
2026-02-04,Bank of America,Business Adv Fundamentals,7020,OPENAI,-10.10,USD,66200,Software - Operating Expense,OpenAI,,,f028af4f-9280-458a-8557-74b28871d331
2026-02-04,Bank of America,Business Adv Fundamentals,7020,OPENAI,-10.52,USD,66200,Software - Operating Expense,OpenAI,,,9c92d765-5615-43fd-b7f6-75997a652554
2026-02-04,Bank of America,Business Adv Fundamentals,7020,OPENAI,-10.68,USD,66200,Software - Operating Expense,OpenAI,,,93aa630b-8113-4f55-94a5-39dd2e39d77d
2026-02-03,Bank of America,Business Adv Fundamentals,7020,Social media to Primary,25.00,USD,,No Category,,,,f6458d17-a34c-49ba-a7ca-e7819b87939f
2026-02-03,Bank of America,Business Adv Fundamentals,7020,OPENAI,-10.00,USD,66200,Software - Operating Expense,OpenAI,,,8e6ee747-b45c-4065-9028-369a15a38dd0
2026-02-03,Bank of America,Business Adv Fundamentals,7020,ASHFORD VALLEY G,-10.80,USD,,No Category,,,,78a52e3b-d64f-4aa5-b9ba-c8911077c71d
2026-02-02,Bank of America,Business Adv Fundamentals,7020,OPENAI,-10.00,USD,66200,Software - Operating Expense,OpenAI,,,bc75e449-87d1-4459-90f6-b5645b61481b
2026-02-02,Bank of America,Business Adv Fundamentals,7020,PIRATE SHIP,-13.83,USD,68400,Shipping,Pirate Ship,,,d663043b-b2b0-4db3-ac16-173ae0208741
2026-02-02,Capital One,Platinum,8133,INTEREST CHARGE:PURCHASES,-73.25,USD,87000,Interest Expense,,,,
2026-02-01,Bank of America,Business Adv Fundamentals,7020,Balance bonus,0.13,USD,,No Category,,,,6428be15-04f2-4333-8405-bb2f4d44b7ac
2026-02-01,Bank of America,Business Adv Fundamentals,7020,GOOGLE *SVCSrainierlux,-2.47,USD,,No Category,Google,,,4f78f1c8-4357-407d-be49-7aeec8d8b79c
2026-02-01,Bank of America,Business Adv Fundamentals,7020,SLACK T08JY86Q4TA,-43.75,USD,66200,Software - Operating Expense,Slack,,,95eb04d9-65da-4132-8ca4-86faa66c214d
2026-02-01,Bank of America,Business Adv Fundamentals,7020,GOOGLE *SVCSusagummies,-49.79,USD,,No Category,Google,,,2ec9be93-d3c0-49aa-b1d0-f19eb3f6d1d7
2026-01-30,Bank of America,Business Adv Fundamentals,7020,PIRATE SHIP,-5.92,USD,68400,Shipping,Pirate Ship,,,f8470818-82a7-4e74-b141-900eda3c81a2
2026-01-30,Bank of America,Business Adv Fundamentals,7020,WWW.CRATEJOY.COM,-26.10,USD,,No Category,,,,4ca7ac20-9e0d-482b-8ec7-6f1359b26be0
2026-01-30,Bank of America,Business Adv Fundamentals,7020,COMPANY SAGE,-29.99,USD,,No Category,,,,26afd85c-3879-4bf7-b0fc-d961397ea0e7
2026-01-30,Bank of America,Business Adv Fundamentals,7020,RT* NINJAPRINTHOUSE.CO,-81.31,USD,,No Category,,,,de89105f-fbc7-4d76-9f62-3098b858f514
2026-01-30,Bank of America,Business Adv Fundamentals,7020,RUMBLE USA INC.,-100.00,USD,,No Category,,,,20a11244-7525-4674-b2c5-7032a6160826
2026-01-29,Bank of America,Business Adv Fundamentals,7020,USA GUMMIES,45.00,USD,,No Category,,,,5097b18f-a310-4fc0-889a-b04ec5e16788
2026-01-29,Bank of America,Business Adv Fundamentals,7020,AMAZON.CJGJRRUTI,5.38,USD,,No Category,Amazon,,,daa47ae1-0850-4f42-8e0f-64cbb02d80fc
2026-01-29,Bank of America,Business Adv Fundamentals,7020,CLOUDFLARE,-10.46,USD,66200,Software - Operating Expense,Cloudflare,,,eb26052d-3ddf-43bc-8170-07c25affa84f
2026-01-28,Bank of America,Business Adv Fundamentals,7020,Stripe,1164.90,USD,10920,Transfers in Transit: Payment Processor,Stripe,,,f884bc8e-75ef-4325-9e7e-eb16e2b3bbe3
2026-01-28,Bank of America,Business Adv Fundamentals,7020,Wire transfer fee,-15.00,USD,68600,Bank Fees,,,,1761e6cc-b748-4a02-b287-29e069968ef2
2026-01-28,Capital One,Platinum,8133,PAST DUE FEE,-29.00,USD,68600,Bank Fees,,,,
2026-01-28,Bank of America,Business Adv Fundamentals,7020,SPORT CLIPS - WA116 -,-41.00,USD,,No Category,,,,c3f41c6a-44a6-45be-b4cb-e825b53cd473
2026-01-28,Bank of America,Business Adv Fundamentals,7020,Facebook,-52.97,USD,65100,Advertising,Facebook,,,ef0abbf8-ec8b-4b2b-b297-e3ff6b74a090
2026-01-28,Bank of America,Business Adv Fundamentals,7020,Facebook,-83.00,USD,65100,Advertising,Facebook,,,64607d72-6f87-4548-b351-68b39f15b9b2
2026-01-28,Bank of America,Business Adv Fundamentals,7020,APOLLO.IO,-99.00,USD,66200,Software - Operating Expense,Apollo.io,,,288989cd-a44d-4dac-b1ea-3c4c1e93cea6
2026-01-28,Bank of America,Business Adv Fundamentals,7020,Dutch Valley Foods,-520.00,USD,,No Category,,,,6f3ee866-3102-4bbd-a312-d201cf307454
2026-01-27,Bank of America,Business Adv Fundamentals,7020,Stripe,40.37,USD,10920,Transfers in Transit: Payment Processor,Stripe,,,91de3280-8f08-4873-a3f8-c4ccc9fdd6a1
2026-01-27,Bank of America,Business Adv Fundamentals,7020,PIRATE SHIP,-8.64,USD,68400,Shipping,Pirate Ship,,,f62c6e18-829d-48b7-baf1-d85c8e0a72d3
2026-01-27,Capital One,Platinum,8133,RANCH WORLD,-10.00,USD,63400,Entertainment,Ranch World,,,
2026-01-27,Bank of America,Business Adv Fundamentals,7020,PIRATE SHIP,-17.17,USD,68400,Shipping,Pirate Ship,,,826e6614-2e49-4143-b90d-940ea7abacca
2026-01-26,Capital One,Platinum,8133,CRAIGSLIST.ORG,-5.00,USD,65100,Advertising,Craigslist,,,
2026-01-26,Capital One,Platinum,8133,ONLINEVEHICLELISTING,-49.00,USD,,No Category,Onlinevehiclelisting,,,
2026-01-20,Bank of America,Business Adv Fundamentals,7020,PIRATE SHIP,-5.25,USD,68400,Shipping,Pirate Ship,,,f4b49a3a-9643-48c2-a8a2-6485bbe88212
2026-01-16,Bank of America,Business Adv Fundamentals,7020,SHOPIFY* 474636979,-1.00,USD,51000,Hosting Fees,shopify,,,47bd9bcb-42fd-4b15-a6c7-61cbc6e3b5d7
2026-01-16,Capital One,Platinum,8133,UTAH- MVED,-6.00,USD,,No Category,Utah Mved,,,
2026-01-15,Bank of America,Business Adv Fundamentals,7020,PIRATE SHIP,-8.81,USD,68400,Shipping,Pirate Ship,,,827d3bd6-ce67-4ed1-b93e-347d97da0f30
2026-01-15,Bank of America,Business Adv Fundamentals,7020,SHOPIFY* 474270478,-16.00,USD,51000,Hosting Fees,shopify,,,4abb67fc-eea4-4d05-a8ea-98f044c40790
2026-01-14,Bank of America,Business Adv Fundamentals,7020,MIDJOURNEY INC.,-10.00,USD,66200,Software - Operating Expense,Midjourney,,,d35a32dd-1c51-4b6b-9f0c-6f55566b919b
2026-01-14,Bank of America,Business Adv Fundamentals,7020,Amazon,-48.94,USD,,No Category,Amazon,,,7d1ad619-13ce-4fdd-99be-a1953edc0c87
2026-01-05,Bank of America,Business Adv Fundamentals,7020,Check deposit,54.00,USD,41000,Services Revenue,,,,7209d598-5aea-4a58-8636-c52bd0560b19
2026-01-05,Bank of America,Business Adv Fundamentals,7020,Referral bonus,20.00,USD,,No Category,,,,276f9da8-0a59-4247-a742-0b4d38f4a8bd
2026-01-05,Bank of America,Business Adv Fundamentals,7020,Cash back,10.51,USD,,No Category,,,,bb2e7538-fa39-4b0e-81dc-1a94adb2c019
2026-01-03,Bank of America,Business Adv Fundamentals,7020,Social media to Primary,38.00,USD,,No Category,,,,70dfdeb7-4b7c-49e8-843d-4291649a1f78
2026-01-03,Bank of America,Business Adv Fundamentals,7020,OPENAI,-20.00,USD,66200,Software - Operating Expense,OpenAI,,,bc127a7c-8239-48d9-8548-7e8fdb6f5270
2026-01-02,Capital One,Platinum,8133,INTEREST CHARGE:PURCHASES,-70.46,USD,87000,Interest Expense,,,,
2026-01-01,Bank of America,Business Adv Fundamentals,7020,Balance bonus,0.08,USD,,No Category,,,,6327c6f7-1b09-405c-bad5-868d1d0f7a1c
2026-01-01,Bank of America,Business Adv Fundamentals,7020,SLACK T08JY86Q4TA,-42.05,USD,66200,Software - Operating Expense,Slack,,,44f8971f-9841-4a9d-8474-1ca2cf63fdac
2026-01-01,Bank of America,Business Adv Fundamentals,7020,GOOGLE *SVCSusagummies,-49.45,USD,,No Category,Google,,,405f399e-9a5e-4f16-9308-bed18dc526fa
2025-12-31,Bank of America,Business Adv Fundamentals,7020,PIRATE SHIP,-6.32,USD,68400,Shipping,Pirate Ship,,,1452ef29-1c03-4be8-bb04-1db349870b21
2025-12-31,Bank of America,Business Adv Fundamentals,7020,PIRATE SHIP,-6.48,USD,68400,Shipping,Pirate Ship,,,05047363-5389-42cd-90f1-45280a09a4ca
2025-12-29,Bank of America,Business Adv Fundamentals,7020,AMAZON.CDYJVYM92,0.01,USD,,No Category,Amazon,,,a60364de-5b18-4bd0-9e11-1abe83ab4713
2025-12-29,Bank of America,Business Adv Fundamentals,7020,PIRATE SHIP,-7.35,USD,68400,Shipping,Pirate Ship,,,735d27bd-00e0-4490-a131-bffdc54e65b6
2025-12-24,Capital One,Platinum,8133,CAPITAL ONE MOBILE PYMT,100.00,USD,21111,Credit Card Payments,,,,
2025-12-23,Bank of America,Business Adv Fundamentals,7020,Stripe,40.37,USD,10920,Transfers in Transit: Payment Processor,Stripe,,,69849dc1-5e55-47cb-b863-8a84e35760e2
2025-12-23,Bank of America,Business Adv Fundamentals,7020,PIRATE SHIP,-8.51,USD,68400,Shipping,Pirate Ship,,,324be50e-3153-4561-9ca4-9b1c692a149a
2025-12-23,Bank of America,Business Adv Fundamentals,7020,Geico,-233.17,USD,68100,Insurance,GEICO,,,3ef78ade-7448-4ee2-85ce-59266713b063
2025-12-22,Bank of America,Business Adv Fundamentals,7020,SQUARESPACE PAYM,46.29,USD,,No Category,,,,642d8d03-7904-486d-b336-985604831508
2025-12-22,Bank of America,Business Adv Fundamentals,7020,SQUARESPACE PAYM,46.29,USD,,No Category,,,,47f4b7ff-de43-43e8-b504-3e9e8a80dceb
2025-12-22,Bank of America,Business Adv Fundamentals,7020,PIRATE SHIP,-7.62,USD,68400,Shipping,Pirate Ship,,,00cc18ac-a627-4390-9000-15488194528c
2025-12-22,Bank of America,Business Adv Fundamentals,7020,PIRATE SHIP,-9.59,USD,68400,Shipping,Pirate Ship,,,be053779-928d-403f-b3a1-e608d5bf4857
2025-12-22,Bank of America,Business Adv Fundamentals,7020,AMZNomh9YAWo,-90.84,USD,,No Category,Amazon,,,ca7d28c2-bb5e-42ae-a0f5-d7dfbd817f96
2025-12-20,Bank of America,Business Adv Fundamentals,7020,Worksp,-27.20,USD,,No Category,,,,a9032348-23a5-4485-bb24-241fe9aaf371
2025-12-19,Bank of America,Business Adv Fundamentals,7020,SQUARESPACE PAYM,22.99,USD,,No Category,,,,7281dc97-4a09-442a-a5fc-d004ac30a9f2
2025-12-19,Bank of America,Business Adv Fundamentals,7020,PIRATE SHIP,-8.06,USD,68400,Shipping,Pirate Ship,,,4f1a30ed-9e0f-4c1e-8886-3c776f48b5fe
2025-12-18,Bank of America,Business Adv Fundamentals,7020,Mastercard debit · 7548,50.00,USD,,No Category,,,,b4502323-3c36-4bc3-aebe-f681c22e7e5b
2025-12-18,Bank of America,Business Adv Fundamentals,7020,SHOPIFY* 460528970,-1.00,USD,51000,Hosting Fees,shopify,,,01121c50-8bef-48be-9a65-3321c4b068a0
2025-12-18,Bank of America,Business Adv Fundamentals,7020,WYOMINGLLCATTORNEY,-29.99,USD,,No Category,,,,d49b08fb-9005-4a83-b7ce-1550322bd709
2025-12-17,Bank of America,Business Adv Fundamentals,7020,Social media to Primary,50.00,USD,,No Category,,,,61532114-de34-4787-b1da-c73273c33bcf
2025-12-17,Bank of America,Business Adv Fundamentals,7020,Pirate Ship,-6.28,USD,68400,Shipping,Pirate Ship,,,8fe5ed44-8424-408a-a8d9-ad4a3d00baba
2025-12-17,Bank of America,Business Adv Fundamentals,7020,PIRATE SHIP,-8.98,USD,68400,Shipping,Pirate Ship,,,d5cbd7f9-091a-4d4f-b4ca-1fc95c9bfe35
2025-12-17,Bank of America,Business Adv Fundamentals,7020,Websit,-38.86,USD,,No Category,,,,7b510b57-69ab-430c-8bee-b35be05e40b2
2025-12-16,Bank of America,Business Adv Fundamentals,7020,SQUARESPACE PAYM,63.46,USD,,No Category,,,,97b1ceba-46cf-4f57-a2e7-0517d4652630
2025-12-16,Bank of America,Business Adv Fundamentals,7020,Pirate Ship,-7.86,USD,68400,Shipping,Pirate Ship,,,a315c542-b436-43f0-89fc-70c25f7300ac
2025-12-12,Bank of America,Business Adv Fundamentals,7020,Pirate Ship,-13.47,USD,68400,Shipping,Pirate Ship,,,25645552-af8e-42ee-af9a-317ac20ddbc4
2025-12-12,Bank of America,Business Adv Fundamentals,7020,Pirate Ship,-15.64,USD,68400,Shipping,Pirate Ship,,,8c394643-61d6-40c3-8480-b19bdfb6525b
2025-12-09,Bank of America,Business Adv Fundamentals,7020,Cmpgns,-12.95,USD,,No Category,,,,9233f314-9e1c-43f9-a370-3f479f13c353
2025-12-07,Bank of America,Business Adv Fundamentals,7020,Cash back,10.94,USD,,No Category,,,,fe082670-5193-4dcf-affd-1afba35f615d
2025-12-05,Bank of America,Business Adv Fundamentals,7020,Pirate Ship,-40.00,USD,68400,Shipping,Pirate Ship,,,cb950823-8fdd-457c-8cec-f533c2ac4b4b
2025-12-03,Bank of America,Business Adv Fundamentals,7020,SQUARESPACE PAYM,82.24,USD,,No Category,,,,0c31621c-a548-402b-a944-e4b19a189bdb
2025-12-03,Bank of America,Business Adv Fundamentals,7020,Pirate Ship,-6.32,USD,68400,Shipping,Pirate Ship,,,4bf26586-bd26-41f7-b3fe-b922533ba6ee
2025-12-03,Bank of America,Business Adv Fundamentals,7020,PIRATE SHIP,-8.63,USD,68400,Shipping,Pirate Ship,,,4860aff4-4271-4789-8030-323d5eadce03
2025-12-03,Bank of America,Business Adv Fundamentals,7020,PIRATE SHIP,-8.98,USD,68400,Shipping,Pirate Ship,,,6a9daa04-24a5-4267-b6d3-42694d7d2f8a
2025-12-03,Bank of America,Business Adv Fundamentals,7020,Amazon,-12.73,USD,,No Category,Amazon,,,f70fdc98-a5cc-4cce-83f0-a42c67ecb588
2025-12-03,Bank of America,Business Adv Fundamentals,7020,GOOGLE*SVCSUSAGUMMIES.,-49.45,USD,,No Category,Google,,,86b532c6-48d8-4cf2-ad7a-b8d14c9184e9
2025-12-02,Bank of America,Business Adv Fundamentals,7020,X CORP. PAID FEATURES,-40.00,USD,66200,Software - Operating Expense,Twitter,,,34ac8516-9c35-4ef1-8edd-90b4eace0bf2
2025-12-01,Bank of America,Business Adv Fundamentals,7020,Balance bonus,0.30,USD,,No Category,,,,8238ca8f-cfce-4d10-a15f-ce0af09dba91
2025-12-01,Bank of America,Business Adv Fundamentals,7020,PIRATE SHIP,-6.14,USD,68400,Shipping,Pirate Ship,,,db6606ff-0aad-4e4e-8126-39292f18bbea
2025-12-01,Bank of America,Business Adv Fundamentals,7020,SLACK T08JY86Q4TA,-43.75,USD,66200,Software - Operating Expense,Slack,,,5b58a76a-d02f-452d-adbd-30a067593bdb
2025-11-30,Bank of America,Business Adv Fundamentals,7020,Facebook,-45.00,USD,65100,Advertising,Facebook,,,0a64def5-46ba-40ba-bfaf-156b34aed6f7
2025-11-30,Bank of America,Business Adv Fundamentals,7020,Facebook,-48.00,USD,65100,Advertising,Facebook,,,3e1d6076-a7c6-4111-aedc-921e3c174560
2025-11-29,Bank of America,Business Adv Fundamentals,7020,Mastercard debit · 7548,200.00,USD,,No Category,,,,a8f71686-e4bf-42c3-9ea3-b35be7db0d4a
2025-11-29,Bank of America,Business Adv Fundamentals,7020,Facebook,-43.00,USD,65100,Advertising,Facebook,,,a3af75c8-3a26-4a41-b4df-7a7dfed23f47
2025-11-29,Bank of America,Business Adv Fundamentals,7020,Facebook,-45.00,USD,65100,Advertising,Facebook,,,46c50b61-d3b3-42cd-9832-5ac484934fb1
2025-11-29,Bank of America,Business Adv Fundamentals,7020,Facebook,-45.35,USD,65100,Advertising,Facebook,,,1e40fbe6-a713-46a8-8545-0dc3d8447d94
2025-11-28,Bank of America,Business Adv Fundamentals,7020,Primary to Social media,120.00,USD,,No Category,,,,886cad73-da09-4115-93fd-7d288475ab4f
2025-11-28,Bank of America,Business Adv Fundamentals,7020,Facebook,-5.15,USD,65100,Advertising,Facebook,,,8e771dc3-dc95-4950-9bc8-3cf9f91cb7f6
2025-11-28,Bank of America,Business Adv Fundamentals,7020,Facebook,-36.11,USD,65100,Advertising,Facebook,,,0e368647-6f4c-4cd6-b52a-ba4fa6b6e6f4
2025-11-28,Bank of America,Business Adv Fundamentals,7020,Facebook,-37.00,USD,65100,Advertising,Facebook,,,dc30421b-c0d3-454e-b5c4-9615aee38a7e
2025-11-28,Bank of America,Business Adv Fundamentals,7020,Facebook,-39.00,USD,65100,Advertising,Facebook,,,9e50ec11-8e6a-4c3e-b97c-53c8821b60ba
2025-11-28,Bank of America,Business Adv Fundamentals,7020,Facebook,-41.00,USD,65100,Advertising,Facebook,,,0bdd7d8a-e6a1-4023-8782-8d40b5f5f902
2025-11-26,Bank of America,Business Adv Fundamentals,7020,SQUARESPACE PAYM,87.21,USD,,No Category,,,,6d61d96c-5ec8-4cc8-b04c-8c5ad497cf6a
2025-11-26,Bank of America,Business Adv Fundamentals,7020,Facebook,-34.00,USD,65100,Advertising,Facebook,,,fb1c174c-fc98-4be8-8605-6d2c0d98f2c8
2025-11-25,Bank of America,Business Adv Fundamentals,7020,Primary to Social media,100.00,USD,,No Category,,,,30f19dd8-4733-4097-a245-4518b0a79d42
2025-11-25,Bank of America,Business Adv Fundamentals,7020,PIRATE SHIP,-8.77,USD,68400,Shipping,Pirate Ship,,,065fe8c0-c3d1-4e52-a79b-596caf47df25
2025-11-25,Bank of America,Business Adv Fundamentals,7020,Facebook,-34.10,USD,65100,Advertising,Facebook,,,75ec6958-5697-46d8-bd89-ac671f861c59
2025-11-24,Bank of America,Business Adv Fundamentals,7020,SQUARESPACE PAYM,46.29,USD,,No Category,,,,94755cd9-30d4-4981-8b77-5af74dafe888
2025-11-24,Bank of America,Business Adv Fundamentals,7020,Stripe,40.37,USD,10920,Transfers in Transit: Payment Processor,Stripe,,,7033ff7b-cf7d-410e-8248-8f21f467d2a5
2025-11-24,Bank of America,Business Adv Fundamentals,7020,PIRATE SHIP,-6.16,USD,68400,Shipping,Pirate Ship,,,fe7646a9-cdcc-4a1c-8747-103d895abffb
2025-11-24,Bank of America,Business Adv Fundamentals,7020,PIRATE SHIP,-6.32,USD,68400,Shipping,Pirate Ship,,,693b491d-0fc0-49d2-b1b2-7c01f049b25c
2025-11-24,Bank of America,Business Adv Fundamentals,7020,PIRATE SHIP,-8.47,USD,68400,Shipping,Pirate Ship,,,3681c38c-3263-4d0c-a116-318cb74ca012
2025-11-23,Bank of America,Business Adv Fundamentals,7020,Facebook,-31.00,USD,65100,Advertising,Facebook,,,81f88560-8baa-4fee-af6b-94a5fb83b052
2025-11-22,Bank of America,Business Adv Fundamentals,7020,Facebook,-25.00,USD,65100,Advertising,Facebook,,,6c3e7bab-2e20-4196-8bcf-c6656f640981
2025-11-22,Bank of America,Business Adv Fundamentals,7020,Facebook,-28.00,USD,65100,Advertising,Facebook,,,8b4f73b2-cab7-40be-bf02-d635f2504291
2025-11-21,Bank of America,Business Adv Fundamentals,7020,PIRATE SHIP,-8.16,USD,68400,Shipping,Pirate Ship,,,a8f13d92-4d68-4179-b226-eaf7dc60dfc5
2025-11-21,Bank of America,Business Adv Fundamentals,7020,PIRATE SHIP,-8.91,USD,68400,Shipping,Pirate Ship,,,22cae389-5aba-49bb-b3b1-3b43df2362ec
2025-11-21,Bank of America,Business Adv Fundamentals,7020,Facebook,-23.00,USD,65100,Advertising,Facebook,,,6cbc7116-b0a0-4f21-b338-50d00789740c
2025-11-20,Bank of America,Business Adv Fundamentals,7020,SQUARESPACE PAYM,22.99,USD,,No Category,,,,14311b6d-a3e1-4651-9135-b7b7d28f852b
2025-11-20,Bank of America,Business Adv Fundamentals,7020,PIRATE SHIP,-8.91,USD,68400,Shipping,Pirate Ship,,,349d8165-af49-4f73-8a6e-df18d94368df
2025-11-20,Bank of America,Business Adv Fundamentals,7020,PIRATE SHIP,-10.73,USD,68400,Shipping,Pirate Ship,,,8099c821-6be8-414e-98e3-90d91d32f9ac
2025-11-20,Bank of America,Business Adv Fundamentals,7020,Worksp,-27.20,USD,,No Category,,,,639a989f-fca7-4e53-bae7-60eac0012aa5
2025-11-19,Bank of America,Business Adv Fundamentals,7020,PIRATE SHIP,-7.72,USD,68400,Shipping,Pirate Ship,,,97742d22-bb92-4569-9614-1aace1a2c702
2025-11-19,Bank of America,Business Adv Fundamentals,7020,Facebook,-21.00,USD,65100,Advertising,Facebook,,,b8f7a37a-e4e1-43e3-8360-fe42e60e0ec4
2025-11-19,Bank of America,Business Adv Fundamentals,7020,Amazon,-34.42,USD,,No Category,Amazon,,,30246062-0452-4e92-818a-d069e9eafd08
2025-11-18,Bank of America,Business Adv Fundamentals,7020,SQUARESPACE PAYM,116.17,USD,,No Category,,,,e85f302c-6698-4b14-8c01-ac0fca2ef307
2025-11-18,Bank of America,Business Adv Fundamentals,7020,SQUARESPACE PAYM,33.67,USD,,No Category,,,,04f1309a-4e49-452f-94b8-10088e6c995d
2025-11-18,Bank of America,Business Adv Fundamentals,7020,Facebook,-19.00,USD,65100,Advertising,Facebook,,,65395a39-d5fe-452b-a729-93507ac7ef88
2025-11-18,Bank of America,Business Adv Fundamentals,7020,WYOMINGLLCATTORNEY,-29.99,USD,,No Category,,,,d322a5fc-6d14-49bb-805a-55e4ac0e8460
2025-11-17,Bank of America,Business Adv Fundamentals,7020,USA GUMMIES,33.59,USD,,No Category,,,,591341c7-ad5f-4de7-a003-f181adbef4f7
2025-11-17,Bank of America,Business Adv Fundamentals,7020,PIRATE SHIP,-10.92,USD,68400,Shipping,Pirate Ship,,,85bc64b0-29f2-4eb1-bcd0-61342709c726
2025-11-17,Bank of America,Business Adv Fundamentals,7020,Facebook,-15.00,USD,65100,Advertising,Facebook,,,23e618e0-8a46-4540-b554-6b97fe35372e
2025-11-17,Bank of America,Business Adv Fundamentals,7020,Facebook,-17.00,USD,65100,Advertising,Facebook,,,d6d28217-741d-4030-86c4-d4021aa2f36b
2025-11-17,Bank of America,Business Adv Fundamentals,7020,Websit,-38.86,USD,,No Category,,,,6f9841fa-5c8a-444b-93a8-ec983dd8b2c3
2025-11-16,Bank of America,Business Adv Fundamentals,7020,SHOPIFY* 446083133,-1.00,USD,51000,Hosting Fees,shopify,,,b801cd78-5a32-4880-bcb2-d882a957966e
2025-11-16,Bank of America,Business Adv Fundamentals,7020,VISTAPRINT,-82.14,USD,68300,Supplies,Vistaprint,,,37e10b1c-d0a5-4040-ba37-e87975c3610c
2025-11-15,Bank of America,Business Adv Fundamentals,7020,Primary to Social media,200.00,USD,,No Category,,,,29cedaa2-ee77-433d-a81f-40c5139bf831
2025-11-15,Bank of America,Business Adv Fundamentals,7020,Facebook,-4.62,USD,65100,Advertising,Facebook,,,295c7382-b3f6-4cd1-939d-a5433284b611
2025-11-15,Bank of America,Business Adv Fundamentals,7020,Facebook,-9.24,USD,65100,Advertising,Facebook,,,f04b1d3e-69bf-445d-b916-2dffaef1daaf
2025-11-15,Bank of America,Business Adv Fundamentals,7020,Facebook,-18.48,USD,65100,Advertising,Facebook,,,39172df6-0e49-4859-913c-2e0b7be3b71d
2025-11-15,Bank of America,Business Adv Fundamentals,7020,Facebook,-41.72,USD,65100,Advertising,Facebook,,,8b01138b-c5dc-4c61-9ee7-703300c3384b
2025-11-14,Bank of America,Business Adv Fundamentals,7020,SQUARESPACE PAYM,9.39,USD,,No Category,,,,ed0a6364-46ca-46ee-a7c9-a44cb8971b5e
2025-11-14,Bank of America,Business Adv Fundamentals,7020,PIRATE SHIP,-11.34,USD,68400,Shipping,Pirate Ship,,,16bea6b6-10ea-489c-b1db-6e3439447441
2025-11-13,Bank of America,Business Adv Fundamentals,7020,SQUARESPACE PAYM,208.13,USD,,No Category,,,,874df553-6924-4e39-bd68-f7bfdb229576
2025-11-12,Bank of America,Business Adv Fundamentals,7020,SQUARESPACE PAYM,92.89,USD,,No Category,,,,73b471b1-1a41-44ef-9541-7246003331b7
2025-11-12,Bank of America,Business Adv Fundamentals,7020,Pirate Ship,-6.70,USD,68400,Shipping,Pirate Ship,,,4e3a08a6-ea5b-40ca-94c2-d0ade1fe5ad4
2025-11-11,Bank of America,Business Adv Fundamentals,7020,Pirate Ship,-8.15,USD,68400,Shipping,Pirate Ship,,,999d8583-507e-4f84-a3e3-be96792245f0
2025-11-11,Bank of America,Business Adv Fundamentals,7020,Pirate Ship,-8.30,USD,68400,Shipping,Pirate Ship,,,47a86c00-dcd2-4698-ba62-7a498b32ed12
2025-11-11,Bank of America,Business Adv Fundamentals,7020,Pirate Ship,-8.81,USD,68400,Shipping,Pirate Ship,,,9b2478b3-b8e9-406e-b41c-faecf704ea89
2025-11-11,Bank of America,Business Adv Fundamentals,7020,Pirate Ship,-11.34,USD,68400,Shipping,Pirate Ship,,,0d44c34e-b338-474b-8072-b32d5384a7cf
2025-11-10,Bank of America,Business Adv Fundamentals,7020,Check deposit,30.25,USD,41000,Services Revenue,,,,e0a6c5a7-193f-4243-8621-ae6af18c3273
2025-11-10,Bank of America,Business Adv Fundamentals,7020,Cmpgns,-12.95,USD,,No Category,,,,02de2640-7041-483e-aab8-d305c7b128f0
2025-11-10,Bank of America,Business Adv Fundamentals,7020,TIKTOK PROMOTE,-90.00,USD,65100,Advertising,TikTok,,,f6df0d0b-02e5-46b0-b1b1-cefb19cd6e0f
2025-11-07,Bank of America,Business Adv Fundamentals,7020,Social media to Primary,90.00,USD,,No Category,,,,30b03911-adfd-4689-81b3-37eb15f199af
2025-11-07,Bank of America,Business Adv Fundamentals,7020,SQUARESPACE PAYM,22.99,USD,,No Category,,,,5fc0be47-9d76-4f40-b7b7-5eb68843569a
2025-11-07,Bank of America,Business Adv Fundamentals,7020,PIRATE SHIP,-8.30,USD,68400,Shipping,Pirate Ship,,,1509d3e1-fb96-4d05-a451-b6df7f57ae78
2025-11-06,Bank of America,Business Adv Fundamentals,7020,INVIDEO INC,-120.00,USD,66200,Software - Operating Expense,,,,dc118372-2310-4552-8b2f-d8e12e223dd9
2025-11-05,Bank of America,Business Adv Fundamentals,7020,SQUARESPACE PAYM,2621.40,USD,,No Category,,,,5d8f078f-c4ea-4667-a927-6de000342675
2025-11-05,Bank of America,Business Adv Fundamentals,7020,Social media to Primary,500.00,USD,,No Category,,,,4216e823-50de-48ad-b00f-3b3bc45d342a
2025-11-05,Bank of America,Business Adv Fundamentals,7020,Cash back,15.31,USD,,No Category,,,,d2bb9b2c-584b-463e-aefe-c69252882495
2025-11-05,Bank of America,Business Adv Fundamentals,7020,PIRATE SHIP,-7.56,USD,68400,Shipping,Pirate Ship,,,b057505b-c286-4ef1-9cee-c7903b96f3f7
2025-11-05,Bank of America,Business Adv Fundamentals,7020,Amazon,-39.99,USD,,No Category,Amazon,,,b14cd008-4c12-4933-b005-940b6525df53
2025-11-05,Bank of America,Business Adv Fundamentals,7020,Ryan Cross,-750.00,USD,,No Category,,,,c12bad86-4b53-441a-aee3-5451f0f39a2a
2025-11-05,Bank of America,Business Adv Fundamentals,7020,Zach Mason,-1800.00,USD,,No Category,,,,5651fc39-1d0e-41ef-9398-584e478a26e7
2025-11-03,Bank of America,Business Adv Fundamentals,7020,SQUARESPACE PAYM,51.43,USD,,No Category,,,,9ff32f68-0ca7-4f9f-ab7e-7aba8dfca4ab
2025-11-03,Bank of America,Business Adv Fundamentals,7020,PIRATE SHIP,-14.12,USD,68400,Shipping,Pirate Ship,,,0e1fc1f6-2fdb-4e23-92dc-b734b1213374
2025-11-03,Bank of America,Business Adv Fundamentals,7020,DEEVID AI,-35.00,USD,,No Category,,,,5e64358c-cef2-4722-81d4-6eb5a01f58c1
2025-11-03,Bank of America,Business Adv Fundamentals,7020,X CORP. PAID FEATURES,-40.00,USD,66200,Software - Operating Expense,Twitter,,,160345fb-b327-4ecb-8880-a2b29158130e
2025-11-03,Bank of America,Business Adv Fundamentals,7020,OPENAI *CHATGPT SUBSCR,-60.00,USD,66200,Software - Operating Expense,OpenAI,,,c417e257-58b9-4048-a569-e96e381cac5e
2025-11-01,Bank of America,Business Adv Fundamentals,7020,Primary to Social media,150.00,USD,,No Category,,,,b52f8a05-5ace-429f-b706-1b5f991d702f
2025-11-01,Bank of America,Business Adv Fundamentals,7020,Balance bonus,0.90,USD,,No Category,,,,ad2b2ce6-19cf-4ebf-b3f9-eec103fd9926
2025-11-01,Bank of America,Business Adv Fundamentals,7020,GOOGLE *SVCSusagummies,-34.81,USD,,No Category,Google,,,f56622ab-7366-4168-a26b-cb75de18784b
2025-11-01,Bank of America,Business Adv Fundamentals,7020,SLACK T08JY86Q4TA,-61.25,USD,66200,Software - Operating Expense,Slack,,,5a11fea5-1803-4728-81d7-7b8c25ed25e3
2025-11-01,Bank of America,Business Adv Fundamentals,7020,Google Ads,-225.92,USD,65100,Advertising,Google,,,95b6ebed-bb76-45e1-b447-fbb488436d48
2025-10-31,Bank of America,Business Adv Fundamentals,7020,SQUARESPACE PAYM,309.26,USD,,No Category,,,,cd660941-5024-43e6-bd0a-abcc3e4062ad
2025-10-30,Bank of America,Business Adv Fundamentals,7020,Mastercard debit · 7548,500.00,USD,,No Category,,,,f01acb43-b690-401b-929a-8a5e6d0355e9
2025-10-30,Bank of America,Business Adv Fundamentals,7020,Primary to Social media,300.00,USD,,No Category,,,,6ca3fb02-8d0f-4223-bb63-46d5ef42d918
2025-10-30,Bank of America,Business Adv Fundamentals,7020,PIRATE SHIP,-7.72,USD,68400,Shipping,Pirate Ship,,,6f9e7330-c94f-4ad7-9058-e74fa8675427
2025-10-30,Bank of America,Business Adv Fundamentals,7020,PIRATE SHIP,-12.28,USD,68400,Shipping,Pirate Ship,,,473e44b1-810d-42de-b079-32d6aaa20362
2025-10-30,Bank of America,Business Adv Fundamentals,7020,RANGEME.COM 4156464040,-94.00,USD,,No Category,,,,fed4141c-fdba-41b0-9660-c1f3696dad3c
2025-10-30,Bank of America,Business Adv Fundamentals,7020,Google Ads,-350.00,USD,65100,Advertising,Google,,,163efcf9-17ab-4b9d-a6e7-9d79a9111027
2025-10-28,Bank of America,Business Adv Fundamentals,7020,PIRATE SHIP,-6.28,USD,68400,Shipping,Pirate Ship,,,d953c659-ffda-4874-9c3c-79933acc16e3
2025-10-27,Bank of America,Business Adv Fundamentals,7020,Mastercard debit · 7548,50.00,USD,,No Category,,,,66044346-723f-4f4b-a3e7-ab312513b064
2025-10-27,Bank of America,Business Adv Fundamentals,7020,PIRATE SHIP,-6.72,USD,68400,Shipping,Pirate Ship,,,b218dddb-eea6-449c-a1ef-a1df6ee311e7
2025-10-27,Bank of America,Business Adv Fundamentals,7020,PIRATE SHIP,-7.66,USD,68400,Shipping,Pirate Ship,,,83bf0720-54c3-477a-a826-6fc04a89b696
2025-10-27,Bank of America,Business Adv Fundamentals,7020,ZEELY.APP,-29.95,USD,,No Category,,,,2a9a1128-3df1-42c8-903a-e683a6036f17
2025-10-27,Bank of America,Business Adv Fundamentals,7020,ZEELY.APP,-39.95,USD,,No Category,,,,91f595b9-353e-4e07-ae0b-10db9c2bb56d
2025-10-27,Bank of America,Business Adv Fundamentals,7020,SUPPORT@ZEELY.APP,-308.00,USD,,No Category,,,,017343c1-e4de-46d2-a4e9-7a89a2724225
2025-10-25,Bank of America,Business Adv Fundamentals,7020,Blip Billboards,-83.93,USD,,No Category,,,,5d51c760-9570-423a-ae14-d0d092dc38af
2025-10-24,Bank of America,Business Adv Fundamentals,7020,PIRATE SHIP,-6.44,USD,68400,Shipping,Pirate Ship,,,0edc1e21-f135-4955-a161-9383bc35cfda
2025-10-24,Bank of America,Business Adv Fundamentals,7020,Blip Billboards,-100.63,USD,,No Category,,,,4cebdb77-cc0b-490f-88a0-39c945475b29
2025-10-23,Bank of America,Business Adv Fundamentals,7020,Geico,-258.37,USD,68100,Insurance,GEICO,,,0d54a153-55af-4198-b249-b7cba3d79422
2025-10-22,Bank of America,Business Adv Fundamentals,7020,Primary to Social media,150.00,USD,,No Category,,,,5cbc6991-4e2c-4c03-86f5-722f335da148
2025-10-22,Bank of America,Business Adv Fundamentals,7020,Google Ads,-200.00,USD,65100,Advertising,Google,,,771cdb1a-5b63-4c3f-867a-c5952133bf5b
2025-10-21,Bank of America,Business Adv Fundamentals,7020,Primary to Social media,250.00,USD,,No Category,,,,690c73de-e394-4b41-9263-d2f43c802233
2025-10-21,Bank of America,Business Adv Fundamentals,7020,Pirate Ship,0.22,USD,,No Category,,,,c9be3f81-307c-4dbb-aae6-fd2c9eabe25a
2025-10-21,Bank of America,Business Adv Fundamentals,7020,PIRATE SHIP,-10.19,USD,68400,Shipping,Pirate Ship,,,828a8275-6903-4f52-a9b6-d3714df13e22
2025-10-21,Bank of America,Business Adv Fundamentals,7020,PIRATE SHIP,-13.92,USD,68400,Shipping,Pirate Ship,,,568aeaaa-ff44-40ab-9f3c-281471e55171
2025-10-21,Bank of America,Business Adv Fundamentals,7020,Facebook,-68.00,USD,65100,Advertising,Facebook,,,7e02e4f1-08ea-44f3-8863-6f5b77d40808
2025-10-21,Bank of America,Business Adv Fundamentals,7020,Facebook,-73.00,USD,65100,Advertising,Facebook,,,9ee90136-5073-4824-a23d-260b2234f1fc
2025-10-21,Bank of America,Business Adv Fundamentals,7020,Facebook,-78.00,USD,65100,Advertising,Facebook,,,7e53c22e-2c26-4ba8-9969-a9543c76f766
2025-10-20,Bank of America,Business Adv Fundamentals,7020,PIRATE SHIP,-9.03,USD,68400,Shipping,Pirate Ship,,,91abf3b3-7b17-4077-8d03-765609dfa8a7
2025-10-20,Bank of America,Business Adv Fundamentals,7020,Worksp,-27.20,USD,,No Category,,,,e559b12e-0039-4954-9752-8240a2645875
2025-10-20,Bank of America,Business Adv Fundamentals,7020,Facebook,-51.00,USD,65100,Advertising,Facebook,,,04aa4f2f-6b08-43a7-a2b4-3fe8e398a16e
2025-10-20,Bank of America,Business Adv Fundamentals,7020,Facebook,-55.00,USD,65100,Advertising,Facebook,,,604f8b87-a72e-4f8c-b8bf-16209b26bf84
2025-10-20,Bank of America,Business Adv Fundamentals,7020,Facebook,-59.00,USD,65100,Advertising,Facebook,,,e1c9395d-372a-44ab-bcc0-3528cbf473e8
2025-10-20,Bank of America,Business Adv Fundamentals,7020,Facebook,-63.00,USD,65100,Advertising,Facebook,,,31fc39c4-8235-4692-bd87-0b635b002eae
2025-10-19,Bank of America,Business Adv Fundamentals,7020,Facebook,-43.00,USD,65100,Advertising,Facebook,,,1c152987-ae83-4734-a1be-e0742a8aba5d
2025-10-19,Bank of America,Business Adv Fundamentals,7020,Facebook,-47.00,USD,65100,Advertising,Facebook,,,5bc4c529-ed2e-41c8-a65b-03f21a719b31
2025-10-19,Bank of America,Business Adv Fundamentals,7020,Google Ads,-50.00,USD,65100,Advertising,Google,,,0b67580f-3e0f-4072-9e1c-898d04a53b03
2025-10-18,Bank of America,Business Adv Fundamentals,7020,Facebook,-25.00,USD,65100,Advertising,Facebook,,,23e6beee-dc09-42c6-be07-df1fefbea8d2
2025-10-18,Bank of America,Business Adv Fundamentals,7020,Facebook,-28.00,USD,65100,Advertising,Facebook,,,1633ce5c-d624-4bdf-af12-3845384f7016
2025-10-18,Bank of America,Business Adv Fundamentals,7020,WYOMINGLLCATTORNEY,-29.99,USD,,No Category,,,,e26bc575-c84a-48ca-86e0-cc8b5d5e4678
2025-10-18,Bank of America,Business Adv Fundamentals,7020,Facebook,-31.00,USD,65100,Advertising,Facebook,,,0de5102c-04dd-43dd-b848-647416a84e4c
2025-10-18,Bank of America,Business Adv Fundamentals,7020,Facebook,-34.00,USD,65100,Advertising,Facebook,,,d59679ea-450a-42cf-8cde-2ffc48b671bb
2025-10-18,Bank of America,Business Adv Fundamentals,7020,Facebook,-37.00,USD,65100,Advertising,Facebook,,,145afdc6-3c0d-4eb0-aeeb-d395bd810a43
2025-10-18,Bank of America,Business Adv Fundamentals,7020,Facebook,-40.00,USD,65100,Advertising,Facebook,,,a162220d-47a3-460b-b08d-a53e58ee96b0
2025-10-17,Bank of America,Business Adv Fundamentals,7020,Facebook,-13.00,USD,65100,Advertising,Facebook,,,2f3880d7-8f2f-4372-b5e4-63f66a1ee45d
2025-10-17,Bank of America,Business Adv Fundamentals,7020,Facebook,-15.00,USD,65100,Advertising,Facebook,,,2d8d257c-e76f-4b78-b133-09dd735bc325
2025-10-17,Bank of America,Business Adv Fundamentals,7020,Facebook,-15.00,USD,65100,Advertising,Facebook,,,49f05873-a640-4a08-8a37-a3d75e131c5a
2025-10-17,Bank of America,Business Adv Fundamentals,7020,Facebook,-17.00,USD,65100,Advertising,Facebook,,,f6b74b21-d778-4ec3-a2df-5d0884ea831c
2025-10-17,Bank of America,Business Adv Fundamentals,7020,Facebook,-19.00,USD,65100,Advertising,Facebook,,,d60e8346-2ec4-411b-8be4-542b56f67691
2025-10-17,Bank of America,Business Adv Fundamentals,7020,Facebook,-21.00,USD,65100,Advertising,Facebook,,,c2a34a97-0148-432d-926e-8c81bf2f3162
2025-10-17,Bank of America,Business Adv Fundamentals,7020,Facebook,-23.00,USD,65100,Advertising,Facebook,,,f4786675-39a3-4ba7-947c-0a11c76b16be
2025-10-16,Bank of America,Business Adv Fundamentals,7020,PIRATE SHIP,-7.37,USD,68400,Shipping,Pirate Ship,,,4db38544-7d89-4256-aac5-0faaf634a17b
2025-10-16,Bank of America,Business Adv Fundamentals,7020,PIRATE SHIP,-8.15,USD,68400,Shipping,Pirate Ship,,,a8684fad-426c-4245-83ee-3ea27d6dc5a5
2025-10-16,Bank of America,Business Adv Fundamentals,7020,Facebook,-9.00,USD,65100,Advertising,Facebook,,,d2c29425-4ea9-4921-984e-b9ed46619625
2025-10-16,Bank of America,Business Adv Fundamentals,7020,Facebook,-10.00,USD,65100,Advertising,Facebook,,,a50a67bc-ab9c-49a5-98ab-abf35f38d7d4
2025-10-16,Bank of America,Business Adv Fundamentals,7020,Google Ads,-10.00,USD,65100,Advertising,Google,,,1fca6a90-eda1-4137-add3-a514e79edff4
2025-10-16,Bank of America,Business Adv Fundamentals,7020,Facebook,-11.00,USD,65100,Advertising,Facebook,,,eb6a588c-2e53-4bf8-973f-7160c805faec
2025-10-16,Bank of America,Business Adv Fundamentals,7020,Facebook,-12.00,USD,65100,Advertising,Facebook,,,85f4f579-6af4-4dd1-b54a-77fdb7b4dc58
2025-10-15,Bank of America,Business Adv Fundamentals,7020,Facebook,-2.00,USD,65100,Advertising,Facebook,,,330672f1-37a9-4a01-b636-6bbdacc69637
2025-10-15,Bank of America,Business Adv Fundamentals,7020,Facebook,-3.00,USD,65100,Advertising,Facebook,,,4c3699eb-0945-4fac-b6e1-773614effb2c
2025-10-15,Bank of America,Business Adv Fundamentals,7020,Facebook,-4.00,USD,65100,Advertising,Facebook,,,5d59aca7-2d10-4ddd-9da4-1ffed9d53161
2025-10-15,Bank of America,Business Adv Fundamentals,7020,Facebook,-5.00,USD,65100,Advertising,Facebook,,,d5c58c26-6ffe-4368-9e4a-82ca39fc27ce
2025-10-15,Bank of America,Business Adv Fundamentals,7020,Facebook,-6.00,USD,65100,Advertising,Facebook,,,a9703453-5f10-4374-8bab-012268b1ca05
2025-10-15,Bank of America,Business Adv Fundamentals,7020,Facebook,-7.00,USD,65100,Advertising,Facebook,,,5993841e-0400-4ad1-af8e-af30b34a7955
2025-10-15,Bank of America,Business Adv Fundamentals,7020,Facebook,-8.00,USD,65100,Advertising,Facebook,,,45800394-8ae1-4683-adc4-b7236ffd0122
2025-10-14,Bank of America,Business Adv Fundamentals,7020,Kraken,2448.76,USD,,No Category,,,,9f9202b5-c8de-48c4-a9f9-5c179d2aed9b
2025-10-14,Bank of America,Business Adv Fundamentals,7020,Primary to Social media,1000.00,USD,,No Category,,,,6b58a498-404b-4a1a-a90f-cc958e75eeb5
2025-10-14,Bank of America,Business Adv Fundamentals,7020,Ryan Cross,-750.00,USD,,No Category,,,,f8d7055f-cb9d-463c-b74e-64a3cec14a7c
2025-10-13,Bank of America,Business Adv Fundamentals,7020,SP ENERGINUT.COM,-17.11,USD,,No Category,,,,21d7d488-2f47-442d-98a0-f8f12a6f1c82
2025-10-11,Bank of America,Business Adv Fundamentals,7020,PILOT FLYING J,-101.01,USD,64400,Tax and Accounting,Pilot,,,8d895c5f-3f63-4c6a-8035-835d27822ccf
2025-10-10,Bank of America,Business Adv Fundamentals,7020,Shell,-45.76,USD,62300,Ground Transportation,shell,,,40beb294-c674-4a87-a415-b905bbc0f072
2025-10-10,Bank of America,Business Adv Fundamentals,7020,Zach Mason,-100.00,USD,,No Category,,,,55b7642f-a5ff-48ce-be06-00edcc72a81b
2025-10-09,Bank of America,Business Adv Fundamentals,7020,Quality Inn Wi,-93.93,USD,,No Category,,,,bffe9be5-ff26-4bd8-9b27-794d1a4b224d
2025-10-08,Bank of America,Business Adv Fundamentals,7020,ExxonMobil,-69.94,USD,62300,Ground Transportation,Exxon,,,b8f7a58e-5900-42bb-9d6b-8b856a4e44b3
2025-10-08,Bank of America,Business Adv Fundamentals,7020,Maverik,-86.89,USD,62300,Ground Transportation,Maverik,,,39966f0f-e4df-4d64-84fc-de11b6710a00
2025-10-06,Bank of America,Business Adv Fundamentals,7020,INVIDEO INC,-120.00,USD,66200,Software - Operating Expense,,,,4302525a-b0a2-4b93-a3dc-0ef44223d775
2025-10-03,Bank of America,Business Adv Fundamentals,7020,Mastercard debit · 7548,500.00,USD,,No Category,,,,a09d7e33-f579-4249-9fc8-fcaeeaec32f8
2025-10-03,Bank of America,Business Adv Fundamentals,7020,DEEVID AI,-35.00,USD,,No Category,,,,957b0756-1638-4846-8790-3840d6149ab3
2025-10-03,Bank of America,Business Adv Fundamentals,7020,OPENAI *CHATGPT SUBSCR,-60.00,USD,66200,Software - Operating Expense,OpenAI,,,aad4447d-6783-4a05-a594-3a58e7c6bb9f
2025-10-02,Bank of America,Business Adv Fundamentals,7020,Cash back,6.56,USD,,No Category,,,,73b04cc7-b1fe-4310-b843-938d02b2fa75
2025-10-02,Bank of America,Business Adv Fundamentals,7020,X CORP. PAID FEATURES,-40.00,USD,66200,Software - Operating Expense,Twitter,,,1a924037-a035-48fa-bb92-470d7e1a2ce2
2025-10-01,Bank of America,Business Adv Fundamentals,7020,Balance bonus,0.71,USD,,No Category,,,,4ae3b731-0390-4db3-baa3-4d062c434de2
2025-10-01,Bank of America,Business Adv Fundamentals,7020,Worksp,-5.44,USD,,No Category,,,,e9253d15-d79e-4ccf-bba7-d906c150b838
2025-10-01,Bank of America,Business Adv Fundamentals,7020,GOOGLE *SVCSusagummies,-24.58,USD,,No Category,Google,,,e1d92297-a496-4a34-98f6-3fa0b8ff945d
2025-09-29,Bank of America,Business Adv Fundamentals,7020,SLACK T08JY86Q4TA,-26.25,USD,66200,Software - Operating Expense,Slack,,,bc2ebf8c-09f2-495c-8400-325276af9806
2025-09-28,Bank of America,Business Adv Fundamentals,7020,Mastercard debit · 7548,600.00,USD,,No Category,,,,e71816fd-42f1-4be0-8d61-d346167e7baf
2025-09-28,Bank of America,Business Adv Fundamentals,7020,Ryan Cross,-750.00,USD,,No Category,,,,ad8b4529-d90b-4c11-88d9-f7735a93507b
2025-09-23,Bank of America,Business Adv Fundamentals,7020,Geico,-258.37,USD,68100,Insurance,GEICO,,,777c242b-2bb1-4d35-b34e-2f2ddc45cf2f
2025-09-20,Bank of America,Business Adv Fundamentals,7020,Worksp,-18.14,USD,,No Category,,,,9f456cc6-c6cb-41da-b8b4-7e50a83d96dd
2025-09-18,Bank of America,Business Adv Fundamentals,7020,Spark Mail Ai,-8.63,USD,,No Category,,,,745c6e1b-86b9-4ebf-b152-086690f16f56
2025-09-18,Bank of America,Business Adv Fundamentals,7020,WYOMINGLLCATTORNEY,-29.99,USD,,No Category,,,,a3347f12-5b7b-4929-9ec2-7c939dcc1d54
2025-09-17,Bank of America,Business Adv Fundamentals,7020,Websit,-38.86,USD,,No Category,,,,bbde517f-c505-45e6-bc31-92eb937a1dec
2025-09-15,Bank of America,Business Adv Fundamentals,7020,Kraken,375.00,USD,,No Category,,,,b5fd04bc-7f57-40bb-8ddf-05b6681777a5
2025-09-15,Bank of America,Business Adv Fundamentals,7020,Ryan Cross,-750.00,USD,,No Category,,,,4714e442-0086-4a14-a1ad-646323e8e2fd
2025-09-13,Bank of America,Business Adv Fundamentals,7020,T-Mobile,-151.09,USD,67300,Utilities,T-Mobile,,,a828b6a5-2d74-4f5f-80ff-b33677647b1b
2025-09-10,Bank of America,Business Adv Fundamentals,7020,Mastercard debit · 7548,800.00,USD,,No Category,,,,f2701935-2dc2-4fc1-97eb-8b05fb59e8b5
2025-09-10,Bank of America,Business Adv Fundamentals,7020,Facebook,-4.96,USD,65100,Advertising,Facebook,,,99321dc7-0907-46eb-8480-e07f449e73d1
2025-09-10,Bank of America,Business Adv Fundamentals,7020,Dutch Valley Foods,-7207.05,USD,,No Category,,,,ec76b912-6ff7-418e-91b8-05cdd64d1290
2025-09-09,Bank of America,Business Adv Fundamentals,7020,Kraken,6761.00,USD,,No Category,,,,4eef6b75-b4ab-4002-9403-68588aef7f5c
2025-09-08,Bank of America,Business Adv Fundamentals,7020,Domain,-58.29,USD,,No Category,,,,91f57a69-044a-4ab1-a769-43176ca7e9d1
2025-09-08,Bank of America,Business Adv Fundamentals,7020,T-Mobile,-350.00,USD,67300,Utilities,T-Mobile,,,ce69ed4b-b759-4d77-97e4-04ca62573b66
2025-09-07,Bank of America,Business Adv Fundamentals,7020,Found Plus,-119.93,USD,,No Category,,,,8ac1a3e8-d787-41bc-832f-b97a25c83445
2025-09-05,Bank of America,Business Adv Fundamentals,7020,Mastercard debit · 7548,510.00,USD,,No Category,,,,fb753ded-5136-4d67-8d0b-a90bf7bdfee5
2025-09-05,Bank of America,Business Adv Fundamentals,7020,Facebook,-13.00,USD,65100,Advertising,Facebook,,,c0edfdae-2087-4084-a1e3-35e34630ca75
2025-09-05,Bank of America,Business Adv Fundamentals,7020,Dutch Valley Foods,-555.55,USD,,No Category,,,,3dea09d3-ad6e-4b28-89f0-3f011fe67be9
2025-09-04,Bank of America,Business Adv Fundamentals,7020,Facebook,-11.00,USD,65100,Advertising,Facebook,,,080cb690-74d1-43b5-9390-93f9f4d2b686
2025-09-04,Bank of America,Business Adv Fundamentals,7020,Facebook,-12.00,USD,65100,Advertising,Facebook,,,20676dc0-9837-429d-b759-de296939e7ba
2025-09-03,Bank of America,Business Adv Fundamentals,7020,Facebook,-8.00,USD,65100,Advertising,Facebook,,,8e7373c6-3788-46b5-96d9-4cb23dfad0a6
2025-09-03,Bank of America,Business Adv Fundamentals,7020,Facebook,-9.00,USD,65100,Advertising,Facebook,,,4a0d2039-7069-44bf-9dc2-b70340d5a091
2025-09-03,Bank of America,Business Adv Fundamentals,7020,Facebook,-10.00,USD,65100,Advertising,Facebook,,,3ac8c378-5317-4470-97f8-e2446746aff1
2025-09-02,Bank of America,Business Adv Fundamentals,7020,Facebook,-1.04,USD,65100,Advertising,Facebook,,,007fbc8d-0254-4a68-b776-1bcee26049f5
2025-09-02,Bank of America,Business Adv Fundamentals,7020,Facebook,-1.60,USD,65100,Advertising,Facebook,,,181c56f0-5017-4e62-89fc-544ca312ad68
2025-09-02,Bank of America,Business Adv Fundamentals,7020,Facebook,-5.00,USD,65100,Advertising,Facebook,,,18cbe939-1979-4ccd-8ab4-1e57257454ce
2025-09-02,Bank of America,Business Adv Fundamentals,7020,Facebook,-6.00,USD,65100,Advertising,Facebook,,,e7448f16-8c59-4989-9f53-76d75a43f315
2025-09-02,Bank of America,Business Adv Fundamentals,7020,Facebook,-7.00,USD,65100,Advertising,Facebook,,,15d56fef-674e-4dba-8c36-e01a206abb5d
2025-09-02,Bank of America,Business Adv Fundamentals,7020,X CORP. PAID FEATURES,-40.00,USD,66200,Software - Operating Expense,Twitter,,,c533e753-e638-48ab-85df-9a78644fce15
2025-09-01,Bank of America,Business Adv Fundamentals,7020,Balance bonus,0.81,USD,,No Category,,,,dc7b5fef-a76c-4b0f-8ea1-42a7f4c9ddcb
2025-09-01,Bank of America,Business Adv Fundamentals,7020,Facebook,-1.03,USD,65100,Advertising,Facebook,,,464d93f7-5462-4a74-bb95-dc4949b4a5f3
2025-09-01,Bank of America,Business Adv Fundamentals,7020,Facebook,-1.09,USD,65100,Advertising,Facebook,,,e70d780c-5565-4031-96ab-5b24cf1b1a08
2025-09-01,Bank of America,Business Adv Fundamentals,7020,GOOGLE *SVCSusagummies,-1.72,USD,,No Category,Google,,,d9028534-e21b-4555-babe-1953da169707
2025-09-01,Bank of America,Business Adv Fundamentals,7020,Facebook,-2.00,USD,65100,Advertising,Facebook,,,7f7f2e7a-06be-45a5-a263-3afc0417d042
2025-09-01,Bank of America,Business Adv Fundamentals,7020,Facebook,-3.00,USD,65100,Advertising,Facebook,,,8d109b1e-f9ba-40e6-9bc8-16511e469f37
2025-09-01,Bank of America,Business Adv Fundamentals,7020,Facebook,-4.00,USD,65100,Advertising,Facebook,,,f3c32932-2eac-4f7e-bba6-c06a615817dd
2025-08-30,Bank of America,Business Adv Fundamentals,7020,METRICOOL.COM,-27.00,USD,66200,Software - Operating Expense,,,,7cbbf5bc-e25e-4d02-8331-fc040e5c8483
2025-08-23,Bank of America,Business Adv Fundamentals,7020,Geico,-108.54,USD,68100,Insurance,GEICO,,,4d86d536-7537-4aa5-9ca1-bc10129ec6f0
2025-08-21,Bank of America,Business Adv Fundamentals,7020,Blip Billboards,-62.55,USD,,No Category,,,,783357fe-987c-40a3-9dab-b5f4367803b6
2025-08-20,Bank of America,Business Adv Fundamentals,7020,Worksp,-18.14,USD,,No Category,,,,be55feb8-2e3e-423c-a4c1-6e52c7f6154d
2025-08-19,Bank of America,Business Adv Fundamentals,7020,Check deposit,106.06,USD,41000,Services Revenue,,,,e2574958-2364-48a9-8d1a-fd89053c6e8c
2025-08-19,Bank of America,Business Adv Fundamentals,7020,Blip Billboards,-81.64,USD,,No Category,,,,e0bd5ba5-44d3-438e-92e4-6d6c562e5349
2025-08-18,Bank of America,Business Adv Fundamentals,7020,Kraken,850.00,USD,,No Category,,,,bc39f504-fc91-4d21-8a77-bc8efbacd4da
2025-08-18,Bank of America,Business Adv Fundamentals,7020,SPARK,-8.63,USD,66200,Software - Operating Expense,SPARK,,,cd5297b3-d780-4a87-b4b1-0c370ad0cf23
2025-08-18,Bank of America,Business Adv Fundamentals,7020,U.S. Post Office,-17.23,USD,,No Category,,,,44b800b9-4017-4f1b-bbb9-3840b7589fe2
2025-08-18,Bank of America,Business Adv Fundamentals,7020,WYOMINGLLCATTORNEY,-29.99,USD,,No Category,,,,5106200a-389a-4ead-99d6-6f6f4c3b3c37
2025-08-18,Bank of America,Business Adv Fundamentals,7020,Websit,-38.86,USD,,No Category,,,,27b5e590-8b36-463f-8b08-22517f1a538d
2025-08-18,Bank of America,Business Adv Fundamentals,7020,Blip Billboards,-100.59,USD,,No Category,,,,42a786f4-f8cc-4738-83ab-2b1d00b6cad7
2025-08-18,Bank of America,Business Adv Fundamentals,7020,Ryan Cross,-750.00,USD,,No Category,,,,80236582-f175-4e6c-b193-bd1b6e546f5c
2025-08-17,Bank of America,Business Adv Fundamentals,7020,Blip Billboards,-118.38,USD,,No Category,,,,15e5478f-f240-4a27-a199-3dd3199f4b92
2025-08-16,Bank of America,Business Adv Fundamentals,7020,Blip Billboards,-62.42,USD,,No Category,,,,950e7a1e-7607-4ee0-8ee1-545cd3c9551e
2025-08-14,Bank of America,Business Adv Fundamentals,7020,Blip Billboards,-44.81,USD,,No Category,,,,4d97a590-513f-4643-94a9-3b43de2ba949
2025-08-10,Bank of America,Business Adv Fundamentals,7020,INVIDEO INC,-120.00,USD,66200,Software - Operating Expense,,,,2417b753-aa19-44e7-a0f2-822674f95b56
2025-08-08,Bank of America,Business Adv Fundamentals,7020,Rangeme,-99.00,USD,,No Category,,,,016021a0-efd5-48fc-be1a-bcabbb015292
2025-08-08,Bank of America,Business Adv Fundamentals,7020,WRIST-BAND* WRIST-BAND,-257.84,USD,,No Category,,,,b10fb843-904d-4bfd-91e5-df2654018d9b
2025-08-07,Bank of America,Business Adv Fundamentals,7020,Kraken,2000.00,USD,,No Category,,,,978ac8bd-5788-4be9-b175-10cd312c9671
2025-08-07,Bank of America,Business Adv Fundamentals,7020,Websit,-3.44,USD,,No Category,,,,3eb7ad32-d94e-472f-a1fe-4d392b973335
2025-08-07,Bank of America,Business Adv Fundamentals,7020,ZEBRAPACK.COM,-798.00,USD,,No Category,,,,d3b403c8-ac77-48ea-bd18-423bc32f4e9a
2025-08-02,Bank of America,Business Adv Fundamentals,7020,X CORP. PAID FEATURES,-40.00,USD,66200,Software - Operating Expense,Twitter,,,5b50148b-8c10-42dd-be01-b1726b69a7b8
2025-07-29,Bank of America,Business Adv Fundamentals,7020,QRTIGER QR CODE,-192.00,USD,,No Category,,,,13f1b491-4a94-4616-b645-0d101916498e
2025-07-28,Bank of America,Business Adv Fundamentals,7020,Logo&team Sportsw,-210.03,USD,,No Category,,,,6667afe7-7079-4c17-b46f-549145a1320b
2025-07-23,Bank of America,Business Adv Fundamentals,7020,Geico,-108.54,USD,68100,Insurance,GEICO,,,a18cbef9-fd51-49cb-a333-34c0d52d48be
2025-07-21,Bank of America,Business Adv Fundamentals,7020,INV,-18.14,USD,,No Category,,,,91ff3288-b5ef-4393-8588-7f63db374303
2025-07-18,Bank of America,Business Adv Fundamentals,7020,WYOMINGLLCATTORNEY,-29.99,USD,,No Category,,,,c4534c27-92f7-4dae-b275-686222c8b8b3
2025-07-17,Bank of America,Business Adv Fundamentals,7020,INV,-26.99,USD,,No Category,,,,1d2322ac-2afc-4a5c-89b0-e9eaaac38768
2025-07-12,Bank of America,Business Adv Fundamentals,7020,T-Mobile,-192.72,USD,67300,Utilities,T-Mobile,,,6ac2ad6f-2c7c-4a77-801b-0bf850b3a2ac
2025-07-12,Bank of America,Business Adv Fundamentals,7020,Hunter Of Design,-600.00,USD,,No Category,,,,47f2a388-d4ca-4802-93c6-d5bc7f31ab57
2025-07-02,Bank of America,Business Adv Fundamentals,7020,Upwork,-29.99,USD,64100,Independent Contractors,Upwork,,,44a8fab0-ea71-4b5e-883e-fd9abf69d0f4
2025-06-23,Bank of America,Business Adv Fundamentals,7020,Geico,-108.49,USD,68100,Insurance,GEICO,,,3a9bc7a4-466e-4be6-b426-7e81ede2ebb2
2025-06-20,Bank of America,Business Adv Fundamentals,7020,INV,-17.92,USD,,No Category,,,,a3cc7804-adaa-4752-b1a8-723b1f486d96
2025-06-19,Bank of America,Business Adv Fundamentals,7020,Mastercard debit · 7548,400.00,USD,,No Category,,,,ae574275-6b27-48c2-a5bd-889b890c6a21
2025-06-19,Bank of America,Business Adv Fundamentals,7020,Troy Burkhart,-1500.00,USD,,No Category,,,,5bb2eb61-57b0-466b-abf5-e9f42da3b88e
2025-06-18,Bank of America,Business Adv Fundamentals,7020,WYOMINGLLCATTORNEY,-29.99,USD,,No Category,,,,f2681201-a401-4ef6-98ee-a656b15d3b84
2025-06-17,Bank of America,Business Adv Fundamentals,7020,INV,-26.66,USD,,No Category,,,,ea6237e0-774b-464c-8ce4-e37e970ebe86
2025-06-16,Bank of America,Business Adv Fundamentals,7020,T-Mobile,-605.29,USD,67300,Utilities,T-Mobile,,,938c7b17-e1d5-453c-84d0-0f680c1f41e2
2025-06-12,Bank of America,Business Adv Fundamentals,7020,Mastercard debit · 7548,1000.00,USD,,No Category,,,,8b9b2fa3-a223-4bc5-b455-b6e4fa7074a8
2025-06-11,Bank of America,Business Adv Fundamentals,7020,T-Mobile,-200.96,USD,67300,Utilities,T-Mobile,,,15f81786-cad1-4991-a26c-fbfbb0cc4d55
2025-06-03,Bank of America,Business Adv Fundamentals,7020,INV,-4.63,USD,,No Category,,,,3d055925-871b-4b13-83b8-6feb91475055
2025-05-23,Bank of America,Business Adv Fundamentals,7020,Geico,-108.07,USD,68100,Insurance,GEICO,,,99bd0d3f-fcac-40a8-bddc-25511d8b08ef
2025-05-20,Bank of America,Business Adv Fundamentals,7020,INV,-8.96,USD,,No Category,,,,59126c86-1352-4563-9213-ff0afef6d1c7
2025-05-19,Bank of America,Business Adv Fundamentals,7020,WYOMINGLLCATTORNEY,-29.99,USD,,No Category,,,,2c3850a9-47a7-4dee-8e3c-ff944652db21
2025-05-17,Bank of America,Business Adv Fundamentals,7020,INV,-26.66,USD,,No Category,,,,43910ec4-fc92-4c04-b666-ce774b4c74dc
2025-05-16,Bank of America,Business Adv Fundamentals,7020,T-Mobile,-201.05,USD,67300,Utilities,T-Mobile,,,4a7a614f-3452-4762-b2e4-fd3bad2a5a0c
2025-05-12,Bank of America,Business Adv Fundamentals,7020,X CORP. PAID FEATURES,-40.00,USD,66200,Software - Operating Expense,Twitter,,,ff563c0c-42a4-4671-a1f9-1c2c1891a9e3
2025-05-06,Bank of America,Business Adv Fundamentals,7020,Mastercard debit · 7548,400.00,USD,,No Category,,,,5e5ba768-1f94-4136-880c-dfa9c9f6462c
2025-05-06,Bank of America,Business Adv Fundamentals,7020,Lowe Graham Jones PLLC,-360.50,USD,,No Category,,,,801465eb-5b37-4d0e-bea9-034a5052a834
2025-05-05,Bank of America,Business Adv Fundamentals,7020,Kraken,2100.00,USD,,No Category,,,,4bf70147-0bda-4475-97e4-e24b3af67ba1
2025-05-05,Bank of America,Business Adv Fundamentals,7020,Troy Burkhart,-2000.00,USD,,No Category,,,,49d3b07a-84f9-42c4-b7fa-5e1b2add5888
2025-04-28,Bank of America,Business Adv Fundamentals,7020,Geico,-108.09,USD,68100,Insurance,GEICO,,,406f1c43-0b6a-4934-bcc0-8bc49a028da5
2025-04-22,Bank of America,Business Adv Fundamentals,7020,INV,-8.96,USD,,No Category,,,,44be5610-b9c6-4d45-8227-390d172fa2fd
2025-04-19,Bank of America,Business Adv Fundamentals,7020,Gs1 Us Inc.,-90.00,USD,,No Category,,,,e1c25c4e-8412-4ded-a83e-de4d93aa2009
2025-04-19,Bank of America,Business Adv Fundamentals,7020,WYOMINGLLCATTORNEY,-299.00,USD,,No Category,,,,58b21fb8-567a-4fa5-b945-31cc8926fb30
2025-04-17,Bank of America,Business Adv Fundamentals,7020,INV,-26.66,USD,,No Category,,,,684f1f30-0b2a-4b6f-aabf-fdb6f800f1e2
2025-04-12,Bank of America,Business Adv Fundamentals,7020,X CORP. PAID FEATURES,-40.00,USD,66200,Software - Operating Expense,Twitter,,,a61af73c-e953-4b20-9855-7ad1dfbd333b
2025-04-11,Bank of America,Business Adv Fundamentals,7020,T-Mobile,-184.05,USD,67300,Utilities,T-Mobile,,,0060e8c7-dcc8-4d68-b159-befae24470f6
2025-04-04,Bank of America,Business Adv Fundamentals,7020,Hawk Design LLC,-536.25,USD,,No Category,,,,b330e4a8-f150-4f4d-abd2-a3061598a5a1
2025-03-28,Bank of America,Business Adv Fundamentals,7020,PILOT FLYING J,-110.82,USD,64400,Tax and Accounting,Pilot,,,1c4fbe55-9785-4969-81ae-a5f2b7223c35
2025-03-28,Bank of America,Business Adv Fundamentals,7020,HAMPTON INN & SUITES,-136.85,USD,62100,Lodging,Hampton,,,147a46aa-df8d-4599-a879-942772460521
2025-03-21,Bank of America,Business Adv Fundamentals,7020,TRADEMARK ENGINE,-60.00,USD,,No Category,,,,65756059-5817-46e7-af25-63d00cc6024c
2025-03-21,Bank of America,Business Adv Fundamentals,7020,Usptofee-w,-350.00,USD,,No Category,,,,793f6695-1370-4d95-97a9-721ecd12d658
2025-03-17,Bank of America,Business Adv Fundamentals,7020,Certicopy-w,-59.00,USD,,No Category,,,,9381ef03-f47d-4179-b75a-003cd41e6791
2025-03-17,Bank of America,Business Adv Fundamentals,7020,Privacypr-w,-99.00,USD,,No Category,,,,62d4a814-5afd-4e5d-bb8d-027f9d83db9e
2025-03-17,Bank of America,Business Adv Fundamentals,7020,Atlm-w,-149.00,USD,,No Category,,,,97a8e1f2-fdf4-463d-aa96-f4cbce88b392
2025-03-17,Bank of America,Business Adv Fundamentals,7020,INV,-167.44,USD,,No Category,,,,4ef69745-fbe4-457d-a633-48c23cbce5aa
2025-03-12,Bank of America,Business Adv Fundamentals,7020,X CORP. PAID FEATURES,-40.00,USD,66200,Software - Operating Expense,Twitter,,,fdf2058a-5e1e-48f5-9b18-af97c349874c