url,title,description
https://www.usagummies.com/,Made in USA Candy & Dye-Free Gummies | USA Gummies,"Shop patriotic candy made in the USA. Dye-free gummies with no artificial dyes, plus bundles and gifts for any celebration."
https://www.usagummies.com/shop,Shop Dye-Free Gummies & Made in USA Candy,"Browse all USA Gummies products: made in USA candy with no artificial dyes, patriotic favorites, and bundle savings."
https://www.usagummies.com/about,About USA Gummies | Made in USA Candy,"Meet the team behind USA Gummies and our mission to make dye-free gummies with no artificial dyes, proudly made in the USA."
https://www.usagummies.com/join-the-revolution,Join the Revolution | USA Gummies,"Join the USA Gummies revolution for made in USA candy, dye-free gummies, and patriotic treats that skip artificial dyes."
https://www.usagummies.com/faq,USA Gummies FAQ | Dye-Free Gummies,"Answers on ingredients, shipping, and orders for our made in USA candy, including dye-free gummies with no artificial dyes."
https://www.usagummies.com/ingredients,Ingredients: No Artificial Dyes | USA Gummies,"See what's inside our dye-free gummies and made in USA candy, plus the flavors and ingredients we avoid."
https://www.usagummies.com/made-in-usa,Made in USA Candy | USA Gummies,"Learn how our gummies are crafted in the USA, with dye-free recipes and no artificial dyes for a patriotic candy you can trust."
https://www.usagummies.com/contact,Contact USA Gummies,"Need help with made in USA candy orders or dye-free gummies? Contact USA Gummies for support, wholesale, or press."
https://www.usagummies.com/help,Help Center | USA Gummies,"Get support for orders, shipping, and products. Find info on made in USA candy and dye-free gummies."
https://www.usagummies.com/bundle-guides,Bundle Guides | USA Gummies,"Pick the right gummy bundle for gifts, parties, and patriotic candy celebrations. Dye-free gummies made in the USA."
https://www.usagummies.com/guides,Guides | USA Gummies,"USA Gummies guides on made in USA candy, dye-free gummies, gifting, and bundle planning."
https://www.usagummies.com/gummy-gift-bundles,Gummy Gift Bundles | Patriotic Candy,"Send made in USA candy gifts with dye-free gummies and no artificial dyes. Bundles for birthdays, teams, and holidays."
https://www.usagummies.com/patriotic-party-snacks,Patriotic Party Snacks | USA Gummies,"Plan a red, white, and blue spread with patriotic candy and dye-free gummies made in the USA - party-ready ideas."
https://www.usagummies.com/bulk-gummy-bears,Bulk Gummy Bears | Made in USA Candy,"Stock up on dye-free gummies in bulk. Made in USA candy for events, offices, and patriotic celebrations."
https://www.usagummies.com/gummies-101,Gummies 101 | Dye-Free Gummies Guide,"Learn about gummy ingredients, textures, and flavors, plus why we skip artificial dyes in our made in USA candy."
https://www.usagummies.com/wholesale,Wholesale Candy | USA Gummies,"Wholesale made in USA candy and dye-free gummies for retailers, teams, and events. No artificial dyes, easy ordering."
https://www.usagummies.com/policies,Policies | USA Gummies,"Review policies for orders, shipping, returns, and privacy for USA Gummies made in USA candy."
https://www.usagummies.com/policies/shipping,Shipping Policy | USA Gummies,"Shipping details for USA Gummies orders, delivery times, and carrier info for made in USA candy."
https://www.usagummies.com/policies/returns,Returns Policy | USA Gummies,Learn about returns and exchanges for USA Gummies made in USA candy orders.
https://www.usagummies.com/policies/privacy,Privacy Policy | USA Gummies,"Read how USA Gummies handles data, privacy, and security for shoppers of our dye-free gummies."
https://www.usagummies.com/policies/terms,Terms of Service | USA Gummies,Terms and conditions for using USA Gummies and purchasing made in USA candy.
https://www.usagummies.com/america-250,America 250 | Patriotic Candy Gifts,"Celebrate America 250 with patriotic candy, dye-free gummies, and made in USA treats for events and gifts."
https://www.usagummies.com/america-250/events,America 250 Events | USA Gummies,"Find America 250 event ideas and patriotic candy selections, including dye-free gummies made in the USA."
https://www.usagummies.com/america-250/gifts,America 250 Gifts | Patriotic Candy,Gift made in USA candy for America 250 - dye-free gummies and no artificial dyes for patriotic celebrations.
https://www.usagummies.com/america-250/celebrations,America 250 Celebrations | USA Gummies,"Plan America 250 celebrations with patriotic candy, made in USA gummies, and dye-free treats."
https://www.usagummies.com/dye-free-candy,Dye-Free Candy Guide | USA Gummies,"Learn how to spot dye-free gummies and no artificial dyes on labels, plus why made in USA candy matters for patriotic gifts."
https://www.usagummies.com/patriotic-candy,Patriotic Candy Gifts | USA Gummies,"Shop patriotic candy made in USA, including dye-free gummies with no artificial dyes for July 4th, Veterans Day, and America 250."
https://www.usagummies.com/blog,Blog | USA Gummies,"Dye-free and made in USA candy stories from USA Gummies, with patriotic gummy tips."
https://www.usagummies.com/made-in-usa-candy,Made in USA Candy Guide | USA Gummies,"Pillar guide to made in USA candy: what it means, how USA Gummies are made, bundle sizing, FAQs, and where to shop."
https://www.usagummies.com/no-artificial-dyes-gummy-bears,Red 40 Free Gummies | No Artificial Dyes Gummy Bears,Looking for red 40 free gummies? USA Gummies are no artificial dyes gummy bears made in the USA with colors from fruit and vegetable extracts.
https://www.usagummies.com/products/[handle],[Product Name] | Dye-Free Gummies Made in USA,"Shop [Product Name], a made in USA candy with no artificial dyes. Dye-free gummies for patriotic parties and gifts."
https://www.usagummies.com/collections/[handle],[Collection Name] | Made in USA Candy,"Shop [Collection Name] for made in USA candy with no artificial dyes, including dye-free gummies and patriotic favorites."
https://www.usagummies.com/pages/[handle],[Page Title] | USA Gummies,"Learn about [Page Title] at USA Gummies, featuring made in USA candy, dye-free gummies, and no artificial dyes."
https://www.usagummies.com/blog/[slug],[Post Title] | USA Gummies,Read [Post Title] on the USA Gummies blog for dye-free and made in USA candy insights.
https://www.usagummies.com/blog/page/[page],USA Gummies Blog | Page [Page],"Browse USA Gummies blog page [Page] for updates on made in USA candy, dye-free gummies, and patriotic candy."
https://www.usagummies.com/blog/category/[slug],Category: [Category] | USA Gummies,"Posts about [Category] on made in USA candy, dye-free gummies, and patriotic candy from USA Gummies."
https://www.usagummies.com/blog/category/[slug]/page/[page],[Category] | USA Gummies Blog Page [Page],"Browse page [Page] of [Category] posts on made in USA candy, dye-free gummies, and patriotic candy."
https://www.usagummies.com/blog/tag/[slug],Tag: [Tag] | USA Gummies,"Explore [Tag] posts on made in USA candy, dye-free gummies, and patriotic candy."
https://www.usagummies.com/blog/tag/[slug]/page/[page],[Tag] | USA Gummies Blog Page [Page],"Browse page [Page] of [Tag] posts on made in USA candy, dye-free gummies, and patriotic candy."
https://www.usagummies.com/blog/author/[slug],Author: [Author] | USA Gummies,"Read posts by [Author] on made in USA candy, dye-free gummies, and patriotic candy."
https://www.usagummies.com/blog/author/[slug]/page/[page],Posts by [Author] | USA Gummies Blog Page [Page],"Browse page [Page] of posts by [Author] on made in USA candy, dye-free gummies, and patriotic candy."
https://www.usagummies.com/vs,USA Gummies vs Other Brands | Ingredient Comparisons,"Compare USA Gummies to Haribo, Trolli, Sour Patch Kids, Skittles, and more. Side-by-side ingredient and manufacturing facts."
https://www.usagummies.com/vs/[competitor],USA Gummies vs [Brand] | Side-by-Side Comparison,"Compare USA Gummies to [Brand] on ingredients, manufacturing, and ownership. Factual side-by-side comparison."
